track_id,artists,album_name,track_name,popularity,duration_ms,explicit,danceability,energy,key,loudness,mode,speechiness,acousticness,instrumentalness,liveness,valence,tempo,time_signature,track_genre
4HOryCnbme0zBnF8LWij3f,Billie Eilish,,Getting Older,72.0,0,False,0.599,0.128,10.0,0.0,1.0,0.109,0.974,0.121,0.115,0.367,159.679,4.0,"['art pop', 'pop']"
1XjHRolIXL2M1EEOUsGGR4,Taylor Swift,,cowboy like me,68.0,0,False,0.604,0.517,0.0,0.0,1.0,0.0347,0.768,0.000155,0.123,0.511,127.967,4.0,['pop']
5LBxMvApPk3HdsQdi6DT9L,BLACKPINK,,STAY,0.0,0,False,0.628,0.433,1.0,0.0,1.0,0.0383,0.569,7.71e-06,0.104,0.343,88.074,4.0,"['k-pop', 'k-pop girl group', 'pop']"
2MvvoeRt8NcOXWESkxWn3g,Lorde,,Ribs,78.0,0,False,0.511,0.472,4.0,0.0,1.0,0.091,0.534,0.614,0.11,0.0399,127.978,4.0,"['art pop', 'metropopolis', 'nz pop', 'pop']"
6aLOekfwbytwWvQftxTEF0,Taylor Swift,,All You Had To Do Was Stay,49.0,0,False,0.605,0.725,5.0,0.0,1.0,0.0323,0.00201,2.02e-05,0.101,0.539,96.97,4.0,['pop']
5LYMamLv12UPbemOaTPyeV,Harry Styles,,Music For a Sushi Restaurant,74.0,0,False,0.72,0.715,11.0,0.0,1.0,0.04,0.258,0.0568,0.107,0.357,107.041,4.0,['pop']
0hyImI8JaWONOrzKH7kJsC,Lana Del Rey,,Tulsa Jesus Freak,66.0,0,False,0.387,0.339,2.0,0.0,0.0,0.0489,0.918,0.00272,0.13,0.273,137.199,4.0,"['art pop', 'pop']"
6PERP62TejQjgHu81OHxgM,Olivia Rodrigo,,good 4 u,21.0,0,False,0.556,0.661,6.0,0.0,0.0,0.204,0.3,0.0,0.101,0.668,168.56,4.0,['pop']
5CSKbHjpqborGnlzagyaDo,Dua Lipa,,Love Again,67.0,0,False,0.659,0.667,11.0,0.0,0.0,0.0339,0.00173,2.85e-05,0.1,0.468,115.982,4.0,"['dance pop', 'pop', 'uk pop']"
3RIgHHpnFKj5Rni1shokDj,Lana Del Rey,,Norman fucking Rockwell,76.0,0,False,0.215,0.203,5.0,0.0,1.0,0.0346,0.968,0.0585,0.0923,0.143,78.287,1.0,"['art pop', 'pop']"
5RaBeejGtdPEszYEKYECs2,Taylor Swift,,Love Story (Taylor's Version) - Elvira Remix,54.0,0,False,0.669,0.56,11.0,0.0,0.0,0.0352,0.00215,3.23e-05,0.264,0.155,123.068,4.0,['pop']
5sp71CUt0jXRNqHblPGp7b,Olivia Rodrigo,,ballad of a homeschooled girl,75.0,0,False,0.385,0.873,1.0,0.0,1.0,0.069,0.0557,0.0,0.353,0.469,120.393,4.0,['pop']
6FpdEqPmZ9aXIXiDi0Ke0f,Lana Del Rey,,Blue Banisters,47.0,0,False,0.384,0.111,5.0,0.0,1.0,0.0415,0.938,6.02e-05,0.104,0.177,85.986,3.0,"['art pop', 'pop']"
6SQLk9HSNketfgs2AyIiMs,Harry Styles,,She,69.0,0,False,0.535,0.521,0.0,0.0,1.0,0.0272,0.000532,0.371,0.19,0.457,140.026,3.0,['pop']
5DgdvOOLj3Tn4bEzY9jAJ2,Armaan Malik,,Tum Jo Mile,23.0,0,False,0.529,0.796,2.0,0.0,0.0,0.0361,0.402,0.00287,0.0942,0.34,80.005,4.0,"['filmi', 'modern bollywood']"
045ZeOHPIzhxxsm8bq5kyE,Taylor Swift,,Out Of The Woods (Taylor's Version),76.0,0,False,0.547,0.885,0.0,0.0,1.0,0.0418,0.000512,9.37e-05,0.39,0.192,91.992,4.0,['pop']
6iYMfxznTBlcVOgRHab2W0,Harry Styles,,"Sunflower, Vol. 6",68.0,0,False,0.566,0.846,7.0,0.0,0.0,0.035,0.000564,0.000795,0.121,0.86,160.02,4.0,['pop']
1vYXt7VSjH9JIM5oRRo7vA,Dua Lipa,,Dance The Night - From Barbie The Album,87.0,0,False,0.671,0.845,11.0,0.0,0.0,0.048,0.0207,0.0,0.329,0.775,110.056,4.0,"['dance pop', 'pop', 'uk pop']"
58P060mo9WWgEAdDvf0Riz,Taylor Swift,,willow,37.0,0,False,0.392,0.579,7.0,0.0,1.0,0.164,0.835,0.00179,0.145,0.549,80.961,4.0,['pop']
0ZRrJTPXDToRJ2iLo9oLrW,Arctic Monkeys,,When The Sun Goes Down,0.0,0,False,0.348,0.875,11.0,0.0,0.0,0.199,0.0341,0.0,0.117,0.407,169.152,4.0,"['garage rock', 'modern rock', 'permanent wave', 'rock', 'sheffield indie']"
0j3AgwHeoqudbV5ru5wNwT,Arctic Monkeys,,Temptation Greets You Like Your Naughty Friend,35.0,0,False,0.606,0.895,4.0,0.0,0.0,0.0445,0.000612,0.0,0.0369,0.786,140.402,4.0,"['garage rock', 'modern rock', 'permanent wave', 'rock', 'sheffield indie']"
4y5bvROuBDPr5fuwXbIBZR,Taylor Swift,,Paper Rings,81.0,0,False,0.811,0.719,9.0,0.0,1.0,0.0497,0.0129,1.36e-05,0.0742,0.865,103.979,4.0,['pop']
7Hk6vSplBGJ6zK9GcGgeIa,Arctic Monkeys,,One for the Road,0.0,0,False,0.414,0.664,0.0,0.0,1.0,0.0379,0.24,0.0656,0.288,0.863,183.67,4.0,"['garage rock', 'modern rock', 'permanent wave', 'rock', 'sheffield indie']"
1GwMQaZz6Au3QLDbjbMdme,Taylor Swift,,Call It What You Want,77.0,0,False,0.598,0.504,9.0,0.0,1.0,0.0731,0.186,0.000221,0.34,0.252,163.954,4.0,['pop']
2naEVOadudtXHwtZNfjMDM,BLACKPINK,,Forever Young,0.0,0,False,0.592,0.961,4.0,0.0,1.0,0.096,0.0423,0.0,0.0882,0.508,109.826,4.0,"['k-pop', 'k-pop girl group', 'pop']"
1Iq8oo9XkmmvCQiGOfORiz,Taylor Swift,,Is It Over Now? (Taylor's Version) (From The Vault),85.0,0,False,0.596,0.658,0.0,0.0,1.0,0.036,0.0504,0.0,0.127,0.176,100.012,4.0,['pop']
5kRPPEWFJIMox5qIkQkiz5,Harry Styles,,Sweet Creature,73.0,0,False,0.427,0.262,7.0,0.0,1.0,0.0276,0.746,0.0,0.068,0.228,104.085,4.0,['pop']
1bAvtmTl0F9loyz9AwPwp7,The Weeknd,,Losers,60.0,0,False,0.666,0.485,0.0,0.0,0.0,0.053,0.0355,0.000599,0.504,0.287,91.007,4.0,"['canadian contemporary r&b', 'canadian pop', 'pop']"
28tIMaewZuGR8urkvFhQyA,Taylor Swift,,the last great american dynasty - the long pond studio sessions,53.0,0,False,0.64,0.618,7.0,0.0,1.0,0.0379,0.743,0.004,0.0574,0.614,147.948,4.0,['pop']
3GYlZ7tbxLOxe6ewMNVTkw,Billie Eilish,,TV,82.0,0,False,0.412,0.236,4.0,0.0,0.0,0.0379,0.83,0.00653,0.147,0.119,140.214,4.0,"['art pop', 'pop']"
6lzc0Al0zfZOIFsFvBS1ki,Taylor Swift,,State Of Grace (Taylor's Version),67.0,0,False,0.594,0.713,9.0,0.0,1.0,0.0503,0.000328,0.0,0.114,0.328,129.958,4.0,['pop']
5SzoFexynLVceTLggJTZZM,Lana Del Rey,,Blue Velvet,56.0,0,False,0.189,0.317,10.0,0.0,1.0,0.028,0.812,0.0719,0.214,0.251,84.809,4.0,"['art pop', 'pop']"
3esA216TyLHEkNiBCeCmcg,Taylor Swift,,The Best Day,44.0,0,False,0.666,0.434,1.0,0.0,1.0,0.0289,0.647,1.95e-06,0.124,0.396,126.084,4.0,['pop']
6qAcApH8obo8eqatCKUHd9,Taylor Swift,,Bad Blood (feat. Kendrick Lamar) (Taylor's Version),72.0,0,False,0.602,0.648,2.0,0.0,1.0,0.103,0.0104,0.0,0.217,0.174,170.091,4.0,['pop']
0zPgEG7Cx33w0o0J2nvURB,Dua Lipa,,Cool,0.0,0,False,0.656,0.753,5.0,0.0,0.0,0.0542,0.143,1.08e-06,0.0981,0.79,90.483,4.0,"['dance pop', 'pop', 'uk pop']"
0eFQWVz0qIxDOvhLpZ40P7,Taylor Swift,,the lakes - bonus track,69.0,0,False,0.313,0.258,2.0,0.0,1.0,0.0383,0.842,1.3e-06,0.0948,0.268,179.947,4.0,['pop']
6AtZLIzUINvExIUy4QhdjP,Taylor Swift,,I Knew You Were Trouble (Taylor's Version),76.0,0,False,0.584,0.557,6.0,0.0,1.0,0.0342,0.0129,0.0,0.0576,0.767,154.008,4.0,['pop']
1z5jOmNswvnzjC5gFLu5Dv,Dua Lipa,,Hotter Than Hell,47.0,0,False,0.532,0.868,3.0,0.0,0.0,0.0908,0.011,0.0,0.0584,0.529,110.127,4.0,"['dance pop', 'pop', 'uk pop']"
1IF5UcqRO42D12vYwceOY6,Harry Styles,,From the Dining Table,70.0,0,False,0.671,0.156,8.0,0.0,1.0,0.0371,0.804,0.0518,0.113,0.201,94.08,4.0,['pop']
5Kllw7Fco57MHtMEGgRdoc,Stray Kids,,CHEESE,47.0,0,False,0.348,0.946,2.0,0.0,1.0,0.361,0.0278,0.0,0.14,0.589,179.958,3.0,"['k-pop', 'k-pop boy group', 'pop']"
1qEmFfgcLObUfQm0j1W2CK,Harry Styles,,Late Night Talking,83.0,0,False,0.714,0.728,10.0,0.0,1.0,0.0468,0.298,0.0,0.106,0.901,114.996,4.0,['pop']
1cdzfFjEbUbgTm5nv3FgXR,Ariana Grande,,Focus,64.0,0,False,0.671,0.876,6.0,0.0,1.0,0.239,0.266,0.0,0.444,0.8,100.016,4.0,['pop']
1mhVXWduD8ReDwusfaHNwU,The Weeknd,,Tell Your Friends,66.0,0,False,0.583,0.454,1.0,0.0,0.0,0.0425,0.265,0.0,0.181,0.309,74.64,4.0,"['canadian contemporary r&b', 'canadian pop', 'pop']"
4c4qqhFrvOgddweMQS0ptG,The Weeknd,,Sacrifice (Remix) (feat. Swedish House Mafia),54.0,0,False,0.774,0.742,6.0,0.0,0.0,0.0784,0.0312,5.03e-05,0.0907,0.677,122.028,4.0,"['canadian contemporary r&b', 'canadian pop', 'pop']"
4txojlesMFQZGWxwz2EeqB,Taylor Swift,,"Would've, Could've, Should've",64.0,0,False,0.482,0.837,0.0,0.0,1.0,0.12,0.435,0.00147,0.123,0.534,157.96,4.0,['pop']
5udz8YvYKpDRB3gcSILh0e,Ariana Grande,,"thank u, next",0.0,0,False,0.746,0.667,1.0,0.0,1.0,0.0679,0.271,1.2e-06,0.102,0.384,107.032,4.0,['pop']
761QvVHTibYjEi2r6A4g4Q,Lana Del Rey,,Get Free,68.0,0,False,0.205,0.472,10.0,0.0,1.0,0.0718,0.498,0.000792,0.0953,0.0392,203.944,4.0,"['art pop', 'pop']"
3Cz6MZdwncB4qasyRPen4S,Sabrina Carpenter,,buy me presents,50.0,0,False,0.659,0.837,1.0,0.0,0.0,0.0645,0.0134,0.0,0.266,0.564,112.967,4.0,['pop']
6pYNq0ZwpPVazKzsqpf0G8,Taylor Swift,,The Very First Night (Taylor's Version) (From The Vault),71.0,0,False,0.678,0.733,7.0,0.0,1.0,0.0281,0.00115,0.0,0.104,0.581,121.009,4.0,['pop']
4IwvoV3uQhRpyflYHPmHU3,Arctic Monkeys,,Fire And The Thud,0.0,0,False,0.571,0.617,2.0,0.0,1.0,0.037,0.184,0.00545,0.206,0.455,114.967,4.0,"['garage rock', 'modern rock', 'permanent wave', 'rock', 'sheffield indie']"
7BFI9QZPQKgYuR2HhDgwbG,Lorde,,Royals,0.0,0,False,0.674,0.428,7.0,0.0,1.0,0.122,0.121,0.0,0.132,0.337,84.878,4.0,"['art pop', 'metropopolis', 'nz pop', 'pop']"
0d2nqd8iWUX0BpLo6Lg2C8,The Weeknd,,D.D.,2.0,0,False,0.68,0.707,7.0,0.0,0.0,0.0987,0.479,0.0,0.511,0.382,119.993,4.0,"['canadian contemporary r&b', 'canadian pop', 'pop']"
6xsEAm6w9oMQYYg3jkEkMT,Taylor Swift,,Bad Blood,68.0,0,False,0.654,0.655,11.0,0.0,0.0,0.106,0.0294,0.0,0.139,0.221,170.16,4.0,['pop']
7nWui6jiMM2m9qFmET1Mtj,Taylor Swift,,Ronan (Taylor's Version),60.0,0,False,0.623,0.279,0.0,0.0,1.0,0.031,0.661,0.0,0.193,0.38,116.04,4.0,['pop']
58AFokYCv4jdJ2T0hEoQ2r,Sabrina Carpenter,,decode,58.0,0,False,0.592,0.37,4.0,0.0,1.0,0.0385,0.663,0.0,0.0777,0.385,122.221,4.0,['pop']
2i8f4VnnBjy0yDqH2C452a,Olivia Rodrigo,,bad idea right?,12.0,0,False,0.628,0.878,9.0,0.0,1.0,0.0901,0.00196,1.23e-05,0.0649,0.796,129.976,4.0,['pop']
5VQLMrWhailAhErKNUSnv1,Taylor Swift,,The Lucky One,42.0,0,False,0.706,0.499,4.0,0.0,1.0,0.0369,0.0371,0.0,0.132,0.545,117.937,4.0,['pop']
5qNh5WtzMbfpSj2jLlBkoD,Billie Eilish,,Your Power,5.0,0,False,0.634,0.285,9.0,0.0,0.0,0.0807,0.937,0.000359,0.232,0.203,129.65,4.0,"['art pop', 'pop']"
4Pu3JCVM0YptKrGNjRfz6a,Cigarettes After Sex,,Hentai,0.0,0,False,0.45,0.227,5.0,0.0,0.0,0.0282,0.713,0.419,0.108,0.153,126.53,4.0,"['ambient pop', 'dream pop', 'el paso indie', 'shoegaze']"
5mRNFh0zp9qY1kDpecN9ot,Ariana Grande,,Beauty and the Beast,41.0,0,False,0.492,0.532,6.0,0.0,1.0,0.027,0.134,0.0,0.101,0.267,81.306,4.0,['pop']
4CkgMiMqZ5JzW9iYXSTMTL,Taylor Swift,,I Bet You Think About Me (feat. Chris Stapleton) (Taylor's Version) (From The Vault),72.0,0,False,0.391,0.715,0.0,0.0,1.0,0.0495,0.167,0.0,0.183,0.473,149.654,3.0,['pop']
2HotTAoFiOYTeMZkNs1Ces,Lorde,,The Love Club,65.0,0,False,0.799,0.501,0.0,0.0,1.0,0.0465,0.211,0.0123,0.118,0.635,92.032,4.0,"['art pop', 'metropopolis', 'nz pop', 'pop']"
3v7hMuewavfpJx8sytJ4AO,Dua Lipa,,Hallucinate - Paul Woolford Remix,36.0,0,False,0.568,0.768,0.0,0.0,0.0,0.0306,0.00237,0.012,0.196,0.523,123.963,4.0,"['dance pop', 'pop', 'uk pop']"
1TEL6MlSSVLSdhOSddidlJ,Ariana Grande,,needy,71.0,0,False,0.647,0.309,7.0,0.0,0.0,0.0366,0.78,7.41e-06,0.202,0.195,87.045,4.0,['pop']
5aRZk9oWIYUB5alrTs8TTV,Hozier,,From Eden,68.0,0,False,0.399,0.673,0.0,0.0,1.0,0.0509,0.584,2.44e-05,0.118,0.285,142.255,5.0,"['irish singer-songwriter', 'modern rock', 'pov: indie']"
3rq5w4bQGigXOfdN30ATJt,Arctic Monkeys,,Do I Wanna Know?,0.0,0,False,0.548,0.532,5.0,0.0,1.0,0.0323,0.186,0.000263,0.217,0.405,85.03,4.0,"['garage rock', 'modern rock', 'permanent wave', 'rock', 'sheffield indie']"
15s3PQjVCiHSwRqSKaqkDw,Lana Del Rey,,Dark Paradise - Parov Stelar Remix,46.0,0,False,0.635,0.585,1.0,0.0,0.0,0.0445,0.0807,0.00187,0.0996,0.486,119.964,4.0,"['art pop', 'pop']"
3Ttx1ky0ZYaVjXZWdcmwh5,The Weeknd,,Blinding Lights,0.0,0,False,0.517,0.727,1.0,0.0,1.0,0.0564,0.00154,0.00015,0.0882,0.342,170.964,4.0,"['canadian contemporary r&b', 'canadian pop', 'pop']"
0fBSs3fRoh1yJcne77fdu9,Lana Del Rey,,Video Games,78.0,0,False,0.236,0.249,6.0,0.0,0.0,0.0348,0.811,1e-06,0.087,0.181,72.847,5.0,"['art pop', 'pop']"
6bnF93Rx87YqUBLSgjiMU8,The Weeknd,,Heartless,81.0,0,False,0.537,0.746,10.0,0.0,0.0,0.15,0.0236,1.01e-06,0.156,0.252,170.062,4.0,"['canadian contemporary r&b', 'canadian pop', 'pop']"
4c9XojqJDu7KNCh8GmNbj5,BTS,,Hip Hop Phile,56.0,0,False,0.796,0.878,1.0,0.0,1.0,0.185,0.171,0.0,0.234,0.795,144.0,4.0,"['k-pop', 'k-pop boy group', 'pop']"
7g3htkaLz4ETFn0cifwM3y,Lana Del Rey,,High By The Beach,71.0,0,False,0.536,0.486,11.0,0.0,0.0,0.0346,0.244,0.00788,0.12,0.0968,131.988,4.0,"['art pop', 'pop']"
7eQj6r5PIdYKEIZjucBMcq,Taylor Swift,,Stay Stay Stay (Taylor's Version),65.0,0,False,0.693,0.681,0.0,0.0,1.0,0.025,0.0848,0.0,0.0768,0.663,100.02,4.0,['pop']
6JlI8Ay77m4nJvZTHvfT1J,Taylor Swift,,peace,65.0,0,False,0.644,0.284,5.0,0.0,1.0,0.0821,0.916,1.5e-05,0.0909,0.328,150.072,4.0,['pop']
2vtmY2mSccRzKGjtcHSzI3,Lana Del Rey,,Diet Mountain Dew,77.0,0,False,0.595,0.696,10.0,0.0,0.0,0.0417,0.276,0.0,0.411,0.533,88.013,4.0,"['art pop', 'pop']"
083PU4XnYAOMAGVruma3vb,Hozier,,Shrike,64.0,0,False,0.506,0.275,7.0,0.0,0.0,0.0292,0.494,0.00377,0.101,0.0639,153.769,3.0,"['irish singer-songwriter', 'modern rock', 'pov: indie']"
6v5YfAj1plZ2Rbl9FzOOF5,Dua Lipa,,New Rules - Freedo Remix,35.0,0,False,0.865,0.535,7.0,0.0,1.0,0.0904,0.0105,0.0,0.299,0.863,115.993,4.0,"['dance pop', 'pop', 'uk pop']"
79wgotDiVZml9PiTtNtYBA,Lana Del Rey,,Taco Truck x VB,65.0,0,False,0.382,0.366,9.0,0.0,0.0,0.0591,0.625,0.107,0.112,0.0395,157.862,4.0,"['art pop', 'pop']"
1mFpMoeZfkIqtqW2AfQ8ba,BLACKPINK,,THE GIRLS - BLACKPINK THE GAME OST,70.0,0,False,0.715,0.738,2.0,0.0,1.0,0.0577,0.00199,0.0,0.208,0.36,160.07,4.0,"['k-pop', 'k-pop girl group', 'pop']"
4tyX1rw9X309WkEdh2As4B,Taylor Swift,,coney island (feat. The National),57.0,0,False,0.529,0.536,8.0,0.0,1.0,0.0627,0.826,0.00082,0.141,0.304,107.873,4.0,['pop']
0U0etHtpARihOUUY8Akc7y,Taylor Swift,,willow - lonely witch version,52.0,0,False,0.41,0.381,4.0,0.0,0.0,0.0548,0.892,0.0,0.148,0.557,80.855,4.0,['pop']
2BDBBNaWZf2ueZwp4h52b2,Taylor Swift,,the lakes - the long pond studio sessions,21.0,0,False,0.606,0.221,2.0,0.0,1.0,0.0468,0.794,0.0,0.0888,0.112,89.844,4.0,['pop']
4LEK9rD7TWIG4FCL1s27XC,Taylor Swift,,cardigan,50.0,0,False,0.613,0.581,0.0,0.0,0.0,0.0424,0.537,0.000345,0.25,0.551,130.033,4.0,['pop']
7KokYm8cMIXCsGVmUvKtqf,Taylor Swift,,Karma,83.0,0,False,0.642,0.62,8.0,0.0,1.0,0.0666,0.0734,0.0,0.483,0.0969,90.02,4.0,['pop']
0zg8u9UUlvwSvBJYEjhgDT,Dua Lipa,,Love Again - Imanbek Remix,62.0,0,False,0.717,0.91,6.0,0.0,0.0,0.0554,0.00262,0.00194,0.0589,0.682,119.999,4.0,"['dance pop', 'pop', 'uk pop']"
4pvb0WLRcMtbPGmtejJJ6y,Taylor Swift,,exile (feat. Bon Iver),79.0,0,False,0.298,0.38,6.0,0.0,1.0,0.0287,0.778,5.62e-05,0.11,0.152,75.602,4.0,['pop']
550erGcdD9n6PnwxrvYqZT,Taylor Swift,,Hey Stephen (Taylor's Version),67.0,0,False,0.788,0.571,6.0,0.0,1.0,0.0296,0.106,0.0,0.0934,0.797,115.99,4.0,['pop']
1hjRhYpWyqDpPahmSlUTlc,Taylor Swift,,Style (Taylor's Version),81.0,0,False,0.575,0.824,2.0,0.0,1.0,0.038,0.000418,0.0214,0.0901,0.292,94.971,4.0,['pop']
7fesNTgTEMEH0ye8MOgEDY,Olivia Rodrigo,,teenage dream,73.0,0,False,0.422,0.229,0.0,0.0,1.0,0.0362,0.816,0.0,0.109,0.104,135.82,4.0,['pop']
0pjBqAz8GlxGlpaU4W0DxS,Taylor Swift,,Cruel Summer - LP Giobbi Remix,66.0,0,False,0.731,0.722,9.0,0.0,1.0,0.0691,0.0893,0.00256,0.112,0.265,122.99,4.0,['pop']
5GPwN5iZ9ZMSXAkppj4Uvv,Taylor Swift,,Innocent,42.0,0,False,0.552,0.608,1.0,0.0,0.0,0.0259,0.186,0.0,0.125,0.17,134.05,4.0,['pop']
3e0McEmoNU05YD0dBT5afU,Arctic Monkeys,,Cornerstone,0.0,0,False,0.298,0.721,9.0,0.0,1.0,0.0366,0.00702,0.0,0.307,0.727,169.929,4.0,"['garage rock', 'modern rock', 'permanent wave', 'rock', 'sheffield indie']"
3BJe4B8zGnqEdQPMvfVjuS,Lana Del Rey,,Summertime Sadness,84.0,0,False,0.565,0.654,1.0,0.0,0.0,0.0335,0.0542,1.8e-06,0.122,0.235,111.968,4.0,"['art pop', 'pop']"
5YkPpicEXy0OtQnXxV2YaP,Dua Lipa,,Be the One - Acoustic Version,17.0,0,False,0.672,0.448,10.0,0.0,1.0,0.0434,0.636,2.28e-05,0.111,0.335,172.95,4.0,"['dance pop', 'pop', 'uk pop']"
2ExKb6Ag2WXob6FpkSeXhE,The Weeknd,,Save Your Tears,57.0,0,False,0.684,0.817,0.0,0.0,1.0,0.0308,0.0222,2.19e-05,0.439,0.623,118.061,4.0,"['canadian contemporary r&b', 'canadian pop', 'pop']"
78dtqFPt7cvYgS2zTXtZKV,Lana Del Rey,,Summertime Sadness - Sped Up,66.0,0,False,0.509,0.84,5.0,0.0,0.0,0.0441,0.0311,0.000169,0.0969,0.336,149.907,4.0,"['art pop', 'pop']"
3HWOknOVmd44e1jg4g0Sga,TWICE,,Knock Knock,63.0,0,False,0.672,0.968,1.0,0.0,0.0,0.131,0.0243,0.0,0.0587,0.473,129.971,4.0,"['k-pop', 'k-pop girl group', 'pop']"
5WhzJEUErG4gdSqxNCB9ED,Lana Del Rey,,Wildflower Wildfire,46.0,0,False,0.352,0.224,7.0,0.0,0.0,0.0323,0.876,0.0327,0.113,0.211,79.592,5.0,"['art pop', 'pop']"
4eKMqf9ZMSclDX7V9Ptg7x,Taylor Swift,,Midnight Rain,66.0,0,False,0.654,0.372,0.0,0.0,1.0,0.0667,0.705,6.78e-05,0.114,0.198,140.15,4.0,['pop']
12nBPF4Rh4XLFJV0YLN7uj,Taylor Swift,,Innocent (Taylor's Version),65.0,0,False,0.522,0.598,1.0,0.0,0.0,0.0284,0.101,0.0,0.152,0.149,133.627,4.0,['pop']
5yeuXkukVGuix3vmLu2BPJ,Taylor Swift,,Vigilante Shit,63.0,0,False,0.87,0.279,4.0,0.0,0.0,0.364,0.16,1.74e-05,0.121,0.16,79.996,4.0,['pop']
2NmsngXHeC1GQ9wWrzhOMf,Taylor Swift,,illicit affairs,79.0,0,False,0.559,0.31,10.0,0.0,1.0,0.0338,0.881,0.0,0.106,0.46,119.845,4.0,['pop']
1RvQQGwaPipiNgz8RXAKA8,Taylor Swift,,Red,49.0,0,False,0.602,0.896,1.0,0.0,0.0,0.0437,0.0773,8.87e-05,0.091,0.641,124.978,4.0,['pop']
5QWTRnyZO44Gtl9sru49VQ,Taylor Swift,,Our Song,0.0,0,False,0.668,0.672,2.0,0.0,1.0,0.0303,0.111,0.0,0.329,0.539,89.011,4.0,['pop']
6dYcUcj1TyZZES5ivtjLdk,Cigarettes After Sex,,Keep On Loving You,0.0,0,False,0.455,0.37,2.0,0.0,0.0,0.0247,0.533,0.959,0.111,0.125,73.683,4.0,"['ambient pop', 'dream pop', 'el paso indie', 'shoegaze']"
2hloaUoRonYssMuqLCBLTX,Ariana Grande,,bloodline,80.0,0,False,0.758,0.665,2.0,0.0,0.0,0.0774,0.0815,0.000157,0.216,0.643,151.976,4.0,['pop']
11MyiSGZSYSmhhqwGUTtAq,Lana Del Rey,,Sad Girl,78.0,0,False,0.345,0.587,5.0,0.0,1.0,0.0364,0.539,0.0731,0.119,0.258,119.479,4.0,"['art pop', 'pop']"
7nDYw1nNAW4dAqgmW2W3tq,Hozier,,Almost (Sweet Music),0.0,0,False,0.384,0.689,7.0,0.0,1.0,0.197,0.0217,2.24e-06,0.204,0.702,179.823,4.0,"['irish singer-songwriter', 'modern rock', 'pov: indie']"
626lrZfNIlthgrUfjvRYrh,BTS,,Stigma,0.0,0,False,0.583,0.475,0.0,0.0,0.0,0.0846,0.148,0.0,0.139,0.332,136.034,4.0,"['k-pop', 'k-pop boy group', 'pop']"
5TgEJ62DOzBpGxZ7WRsrqb,Hozier,,Work Song,79.0,0,False,0.531,0.363,10.0,0.0,1.0,0.0608,0.749,0.0,0.112,0.259,121.412,4.0,"['irish singer-songwriter', 'modern rock', 'pov: indie']"
67Io3gxHwfbUreBf114c0u,Taylor Swift,,Mine,60.0,0,False,0.621,0.78,7.0,0.0,1.0,0.0297,0.00327,4.55e-06,0.184,0.672,121.038,4.0,['pop']
6ce41JVa6KFaryfmC2bu2W,Taylor Swift,,22,68.0,0,False,0.661,0.729,7.0,0.0,1.0,0.0376,0.00215,0.0013,0.0477,0.668,103.987,4.0,['pop']
0oSNOJEcBIKNcQzRc5TfyR,BTS,,Blood Sweat & Tears,0.0,0,False,0.585,0.887,0.0,0.0,0.0,0.089,0.0244,0.0,0.361,0.528,92.971,4.0,"['k-pop', 'k-pop boy group', 'pop']"
1iugFsBigGHtRwvFVDG9oo,Hozier,,It Will Come Back,62.0,0,False,0.5,0.446,0.0,0.0,0.0,0.0338,0.382,4.83e-06,0.159,0.154,86.425,4.0,"['irish singer-songwriter', 'modern rock', 'pov: indie']"
4OC6qCqVMscZLBMnLTsVyg,Olivia Rodrigo,,vampire,3.0,0,False,0.462,0.557,5.0,0.0,1.0,0.053,0.173,0.0,0.272,0.294,137.459,4.0,['pop']
6JmSfynzr6E0QllQZNEXEb,Hozier,,Angel of Small Death and the Codeine Scene,68.0,0,False,0.364,0.64,4.0,0.0,1.0,0.0506,0.201,7.25e-05,0.12,0.386,93.507,4.0,"['irish singer-songwriter', 'modern rock', 'pov: indie']"
560uQyz3p5G9WdnMX39xc6,Taylor Swift,,illicit affairs - the long pond studio sessions,55.0,0,False,0.489,0.235,10.0,0.0,1.0,0.0356,0.883,0.0,0.113,0.435,117.699,4.0,['pop']
6qwEx0TQJMEqvQdN8hRZDx,Cigarettes After Sex,,Truly,0.0,0,False,0.44,0.387,4.0,0.0,1.0,0.0279,0.148,0.559,0.0844,0.267,96.556,4.0,"['ambient pop', 'dream pop', 'el paso indie', 'shoegaze']"
4wox6emdE5yzgiyN3evNmd,Dua Lipa,,Break My Heart - Jax Jones Midnight Snack Remix,34.0,0,False,0.601,0.947,4.0,0.0,0.0,0.0481,0.00237,0.306,0.109,0.692,128.028,4.0,"['dance pop', 'pop', 'uk pop']"
6qnM0XXPZOINWA778uNqQ9,Taylor Swift,,Welcome To New York,58.0,0,False,0.793,0.634,7.0,0.0,1.0,0.0324,0.038,1.76e-06,0.304,0.615,117.024,4.0,['pop']
3VSYkAf6f46i5ZkXOHORq1,Cigarettes After Sex,,Sweet,4.0,0,False,0.448,0.511,6.0,0.0,1.0,0.0274,0.362,0.823,0.129,0.112,96.321,4.0,"['ambient pop', 'dream pop', 'el paso indie', 'shoegaze']"
6f5TuB9WtbA1g49A4DcMQ4,Ariana Grande,,Be Alright,0.0,0,False,0.813,0.456,1.0,0.0,0.0,0.0684,0.169,2.86e-06,0.105,0.587,108.801,4.0,['pop']
5gmP04MVie9LKK0XLB0KEe,TWICE,,Abrázame,21.0,0,False,0.45,0.283,3.0,0.0,1.0,0.0293,0.887,0.0,0.086,0.256,58.559,4.0,"['latin worship', 'peruvian indie', 'rock cristiano']"
2ByBBvpR9b7IynvRmnG7kG,Taylor Swift,,Clean (Taylor's Version),74.0,0,False,0.771,0.386,4.0,0.0,1.0,0.0297,0.276,2.01e-05,0.121,0.239,103.96,4.0,['pop']
35rdVq36LMHQX0Suw9a6tK,Taylor Swift,,closure,62.0,0,False,0.689,0.704,9.0,0.0,1.0,0.245,0.835,4.83e-06,0.134,0.92,151.884,5.0,['pop']
5kMAugdkH2coRHRnW5FuDb,Lana Del Rey,,Born To Die,57.0,0,False,0.316,0.636,4.0,0.0,0.0,0.0424,0.186,0.00016,0.198,0.4,171.564,4.0,"['art pop', 'pop']"
2b7aqGkXjVARTFcA0ivbjZ,Hozier,,In a Week - Live From Spotify London,36.0,0,False,0.476,0.313,9.0,0.0,0.0,0.0569,0.927,2.03e-06,0.663,0.306,99.39,4.0,"['irish singer-songwriter', 'modern rock', 'pov: indie']"
2aI2k39nfa3KFsa4JclQzw,BLACKPINK,,DDU-DU DDU-DU,0.0,0,False,0.671,0.859,4.0,0.0,0.0,0.0833,0.0313,0.0,0.267,0.39,139.931,4.0,"['k-pop', 'k-pop girl group', 'pop']"
10OyIs6KCOmDO19J5wWFPx,The Weeknd,,Call Out My Name - Live,54.0,0,False,0.403,0.56,2.0,0.0,0.0,0.0336,0.0157,3.77e-06,0.931,0.153,140.047,3.0,"['canadian contemporary r&b', 'canadian pop', 'pop']"
0NWqNXBJTpXbkI5rPWNy3p,The Weeknd,,All I Know,62.0,0,False,0.467,0.417,8.0,0.0,0.0,0.074,0.421,0.000202,0.102,0.171,120.021,4.0,"['canadian contemporary r&b', 'canadian pop', 'pop']"
5UPwc30oJ4KhQYctNfv34x,The Weeknd,,Earned It (Fifty Shades Of Grey),0.0,0,False,0.483,0.278,2.0,0.0,0.0,0.0372,0.438,0.0,0.0767,0.369,119.98,3.0,"['canadian contemporary r&b', 'canadian pop', 'pop']"
6QOU3FhUkPeA2RtaXcvgi7,Lana Del Rey,,This Is What Makes Us Girls,52.0,0,False,0.534,0.842,2.0,0.0,0.0,0.0925,0.0904,0.0388,0.203,0.441,138.004,4.0,"['art pop', 'pop']"
1VNWdmXSbaNrnWod10WIL0,The Weeknd,,"One Of The Girls (with JENNIE, Lily Rose Depp)",82.0,0,False,0.531,0.652,8.0,0.0,1.0,0.0325,0.0524,1.39e-06,0.162,0.179,87.521,4.0,"['canadian contemporary r&b', 'canadian pop', 'pop']"
1P17dC1amhFzptugyAO7Il,Taylor Swift,,Look What You Made Me Do,83.0,0,False,0.766,0.709,9.0,0.0,0.0,0.123,0.204,1.41e-05,0.126,0.506,128.07,4.0,['pop']
4B1rpPmQXwj78wk6aIGwwU,Harry Styles,,Two Ghosts,67.0,0,False,0.386,0.407,6.0,0.0,0.0,0.0268,0.234,1.86e-06,0.0999,0.456,69.387,4.0,['pop']
6sGaavvDeGTY3wV9hzIEOP,Lana Del Rey,,Gods & Monsters,54.0,0,False,0.352,0.725,8.0,0.0,0.0,0.0656,0.00193,2.73e-06,0.22,0.339,189.767,4.0,"['art pop', 'pop']"
6QqUgSjdtWhqsEdz72XhCD,Mitski,,Remember My Name,61.0,0,False,0.313,0.691,11.0,0.0,1.0,0.0345,0.000508,0.423,0.185,0.595,203.981,4.0,"['brooklyn indie', 'pov: indie']"
6pOJF93bhb1bTQvOXxE46u,Dua Lipa,,CAN THEY HEAR US (From ‘Gully' with original Daniel Heath Score),42.0,0,False,0.615,0.794,2.0,0.0,0.0,0.0655,0.308,6.01e-05,0.277,0.649,95.055,4.0,"['dance pop', 'pop', 'uk pop']"
6iiAfo4wTA2CVC3Uwx9uh8,Taylor Swift,,You're Not Sorry (Taylor's Version),66.0,0,False,0.506,0.444,6.0,0.0,1.0,0.0285,0.0538,0.0,0.123,0.241,133.873,4.0,['pop']
1FEiijYPJtyswChfcpv3p0,Lana Del Rey,,Summertime Sadness,63.0,0,False,0.568,0.646,1.0,0.0,0.0,0.0332,0.0464,0.0,0.121,0.211,111.945,4.0,"['art pop', 'pop']"
7IpDQcksaT8SxS7vOX4SRm,The Weeknd,,What You Need,64.0,0,False,0.657,0.405,0.0,0.0,0.0,0.0584,0.525,0.072,0.146,0.0673,133.895,4.0,"['canadian contemporary r&b', 'canadian pop', 'pop']"
7wIYDzWW82O6Rc4vGuzjND,Dua Lipa,,"I'm Not the Only One - Live from Spotify, London",61.0,0,False,0.455,0.265,5.0,0.0,1.0,0.0491,0.861,0.0,0.685,0.324,176.036,4.0,"['dance pop', 'pop', 'uk pop']"
69UqtTHfUKAJweQwEStRzC,Cigarettes After Sex,,Sunsetz,6.0,0,False,0.412,0.477,9.0,0.0,0.0,0.029,0.0542,0.798,0.0975,0.141,75.302,4.0,"['ambient pop', 'dream pop', 'el paso indie', 'shoegaze']"
0or0gNaKAXYYCsOrpvRzAu,Lorde,,Liability,0.0,0,False,0.534,0.218,10.0,0.0,0.0,0.111,0.923,0.0,0.0944,0.345,76.715,4.0,"['art pop', 'metropopolis', 'nz pop', 'pop']"
4agPFCccTh7gIho2sNhsJp,Olivia Rodrigo,,"1 step forward, 3 steps back",52.0,0,False,0.472,0.202,2.0,0.0,1.0,0.0995,0.938,0.0,0.126,0.445,169.023,4.0,['pop']
7AEAGTc8cReDqcbPoY9gwo,Taylor Swift,,We Are Never Ever Getting Back Together,57.0,0,False,0.628,0.676,7.0,0.0,1.0,0.0916,0.00957,2.65e-05,0.102,0.75,85.984,4.0,['pop']
13wNEvWmBsWaWVtiLPRIW5,The Weeknd,,Hurt You,0.0,0,False,0.484,0.716,5.0,0.0,0.0,0.167,0.3,0.00214,0.112,0.365,184.131,4.0,"['canadian contemporary r&b', 'canadian pop', 'pop']"
6x5yiC9qgFIO0XPekWdjF1,Mitski,,Shame,59.0,0,False,0.297,0.181,8.0,0.0,0.0,0.0366,0.957,0.000288,0.0841,0.0698,119.186,3.0,"['brooklyn indie', 'pov: indie']"
6kkdPUBJurHTLjaweUWeqz,TWICE,,The Best Thing I Ever Did,0.0,0,False,0.72,0.655,5.0,0.0,1.0,0.0248,0.383,0.0,0.156,0.468,104.977,4.0,"['k-pop', 'k-pop girl group', 'pop']"
0wavGRldH0AWyu2zvTz8zb,Taylor Swift,,Sweet Nothing,72.0,0,False,0.337,0.156,0.0,0.0,1.0,0.0518,0.964,7.72e-05,0.115,0.39,176.655,4.0,['pop']
4bXCcoesMt8u99xMsbLr9U,Taylor Swift,,Clean,54.0,0,False,0.815,0.377,4.0,0.0,1.0,0.0346,0.232,0.0,0.1,0.211,103.97,4.0,['pop']
2Tz4JnXZOcjcp8fWfMjBBk,Taylor Swift,,The Last Time,48.0,0,False,0.505,0.443,2.0,0.0,1.0,0.0276,0.035,3.15e-06,0.0906,0.123,94.069,4.0,['pop']
3FvDYk5IC5Um84kK5FbJGR,The Weeknd,,Adaptation,45.0,0,False,0.642,0.793,11.0,0.0,0.0,0.0691,0.159,0.000557,0.305,0.623,114.96,4.0,"['canadian contemporary r&b', 'canadian pop', 'pop']"
3yNJkriPzWjkkDAWHIAVUq,Taylor Swift,,Ours (Taylor's Version),68.0,0,False,0.535,0.488,0.0,0.0,1.0,0.0278,0.449,0.0,0.111,0.348,159.813,4.0,['pop']
0IiQ3gvsK7OTYoDvBUKukm,Arctic Monkeys,,My Propeller,0.0,0,False,0.415,0.657,9.0,0.0,0.0,0.0295,0.052,0.0552,0.233,0.69,115.752,4.0,"['garage rock', 'modern rock', 'permanent wave', 'rock', 'sheffield indie']"
5VJETUjJ7y46bAz4min5IB,Olivia Rodrigo,,vampire,65.0,0,False,0.474,0.559,5.0,0.0,1.0,0.0557,0.165,0.0,0.186,0.318,137.466,4.0,['pop']
7MXgrcOQAJ5VwSNUL0lDd3,The Weeknd,,Blinding Lights (with ROSALÍA) - Remix,55.0,0,False,0.49,0.694,5.0,0.0,0.0,0.0618,0.0133,4.62e-05,0.0946,0.249,170.903,4.0,"['canadian contemporary r&b', 'canadian pop', 'pop']"
3DNziCcqRd2v8uQWwec1GW,Sabrina Carpenter,,Skin - Quarterhead Remix,32.0,0,False,0.684,0.755,7.0,0.0,1.0,0.101,0.00852,0.0,0.334,0.237,119.957,4.0,['pop']
2ls70nUDfjzm1lSRDuKxmw,Taylor Swift,,Blank Space,62.0,0,False,0.752,0.678,5.0,0.0,1.0,0.0646,0.085,1.64e-06,0.13,0.583,96.009,4.0,['pop']
5J5w61c4TVxVwU78KdDGdx,Taylor Swift,,Style,0.0,0,False,0.0,0.0,0.0,0.0,0.0,0.0,0.0,0.0,0.0,0.0,0.0,0.0,['pop']
5OndtwLGA9O6XHFcGm2H7r,Taylor Swift,,Out Of The Woods,57.0,0,False,0.552,0.842,7.0,0.0,1.0,0.0373,0.00103,1.17e-05,0.337,0.343,91.991,4.0,['pop']
11j9B5N8LJoxXQPRpjae9R,Taylor Swift,,Teardrops On My Guitar - Pop Version,31.0,0,False,0.464,0.742,10.0,0.0,1.0,0.0539,0.0456,0.0,0.0755,0.485,199.909,4.0,['pop']
6D5pfooPP6hi99RaXjkDsP,Lana Del Rey,,Summertime Sadness [Lana Del Rey vs. Cedric Gervais] - Cedric Gervais Remix,0.0,0,False,0.567,0.813,1.0,0.0,0.0,0.0581,0.0138,9.03e-06,0.125,0.114,126.044,4.0,"['art pop', 'pop']"
7CzxXgQXurKZCyHz9ufbo1,Taylor Swift,,I'm Only Me When I'm With You,57.0,0,False,0.563,0.934,8.0,0.0,1.0,0.0646,0.00452,0.000807,0.103,0.518,143.964,4.0,['pop']
1hJXpII24ReABFg8Ig6k7w,Mitski,,Abbey,67.0,0,False,0.287,0.203,11.0,0.0,1.0,0.0396,0.835,0.0,0.128,0.238,75.663,3.0,"['brooklyn indie', 'pov: indie']"
0IpbLjg5HE1Ju4k1rhYqvp,BTS,,Dynamite - Slow Jam Remix,0.0,0,False,0.653,0.683,4.0,0.0,1.0,0.0398,0.36,1e-06,0.324,0.534,113.977,4.0,"['k-pop', 'k-pop boy group', 'pop']"
3bIxTsfeNMO7Nt2J3EUKrA,Taylor Swift,,22,55.0,0,False,0.658,0.729,7.0,0.0,1.0,0.0378,0.00215,0.0013,0.0752,0.668,104.007,4.0,['pop']
1QQii3pa5m8MEda0nbkjfw,Taylor Swift,,Mastermind,64.0,0,False,0.661,0.345,4.0,0.0,1.0,0.144,0.545,0.000915,0.0871,0.126,125.977,4.0,['pop']
6aHCXTCkPiB4zgXKpB7BHS,BTS,,Trivia 承 : Love,0.0,0,False,0.761,0.761,5.0,0.0,0.0,0.0897,0.246,0.0,0.103,0.483,121.972,4.0,"['k-pop', 'k-pop boy group', 'pop']"
3kR1DF3AAFCzOtzMIErJ4H,Hozier,,Foreigner's God,44.0,0,False,0.503,0.445,8.0,0.0,1.0,0.0292,0.163,0.000475,0.111,0.382,88.866,4.0,"['irish singer-songwriter', 'modern rock', 'pov: indie']"
0mt02gJ425Xjm7c3jYkOBn,Lana Del Rey,,Lust For Life (with The Weeknd),73.0,0,False,0.504,0.655,0.0,0.0,0.0,0.0542,0.604,0.00193,0.364,0.262,99.982,4.0,"['art pop', 'pop']"
6IIcLzR05sN1gk4ngzz7Kk,Lorde,,Supercut,0.0,0,False,0.562,0.437,0.0,0.0,1.0,0.052,0.219,2.18e-05,0.0806,0.15,124.852,4.0,"['art pop', 'metropopolis', 'nz pop', 'pop']"
6rXvxz68x3FqXSdUabupFl,Hozier,,Angel Of Small Death & The Codeine Scene,48.0,0,False,0.377,0.638,4.0,0.0,1.0,0.0545,0.213,7.97e-05,0.12,0.369,92.644,4.0,"['irish singer-songwriter', 'modern rock', 'pov: indie']"
6OqrJqDMu15AGJHJazg9Nr,Dua Lipa,,Levitating (feat. DaBaby),0.0,0,False,0.702,0.825,6.0,0.0,0.0,0.0601,0.00883,0.0,0.0674,0.915,102.977,4.0,"['dance pop', 'pop', 'uk pop']"
2vfgmmnUDkZNs75AJm7lev,Stray Kids,,Question,53.0,0,False,0.772,0.814,4.0,0.0,0.0,0.0793,0.0179,0.0,0.0808,0.531,98.026,4.0,"['k-pop', 'k-pop boy group', 'pop']"
5Pkn31exSVgFbfDAH961QC,Hozier,,In the Woods Somewhere,56.0,0,False,0.354,0.426,6.0,0.0,0.0,0.0295,0.782,0.11,0.115,0.185,98.062,3.0,"['irish singer-songwriter', 'modern rock', 'pov: indie']"
38td8VabuKlQt72Q2VnhbO,BTS,,134340,0.0,0,False,0.664,0.688,11.0,0.0,0.0,0.0543,0.153,9.14e-05,0.173,0.65,106.022,4.0,"['k-pop', 'k-pop boy group', 'pop']"
4lXHVnmDO5u62tGJIpTafd,Lana Del Rey,,Million Dollar Man,56.0,0,False,0.382,0.589,6.0,0.0,1.0,0.0359,0.484,0.0,0.131,0.511,65.627,4.0,"['art pop', 'pop']"
5JwLhFNrXw49pn3HQqu02G,Lana Del Rey,,Summer Bummer (feat. A$AP Rocky & Playboi Carti),0.0,0,False,0.761,0.576,1.0,0.0,1.0,0.145,0.018,7.54e-06,0.191,0.13,134.981,4.0,"['art pop', 'pop']"
44V5YKYkMw9vVqnnYTMMIc,Taylor Swift,,Nothing New (feat. Phoebe Bridgers) (Taylor's Version) (From The Vault),43.0,0,False,0.606,0.377,0.0,0.0,1.0,0.0275,0.817,0.0,0.154,0.446,101.96,4.0,['pop']
2VgPA0WnwvE2nbltxa3BHz,BTS,,Silver Spoon,0.0,0,False,0.649,0.875,9.0,0.0,1.0,0.0696,0.00128,0.0,0.0486,0.557,166.927,4.0,"['k-pop', 'k-pop boy group', 'pop']"
4jjaOnFqtAyiYmP7PdTJbO,Stray Kids,,RUN (HAN),56.0,0,False,0.929,0.69,0.0,0.0,1.0,0.238,0.703,0.0,0.117,0.749,120.0,4.0,"['k-pop', 'k-pop boy group', 'pop']"
28dQlavHTyrEkmI7w7Nivp,The Weeknd,,Heartless,45.0,0,False,0.537,0.752,10.0,0.0,0.0,0.132,0.0187,1.36e-06,0.145,0.234,169.97,4.0,"['canadian contemporary r&b', 'canadian pop', 'pop']"
1AVVv4FgNLxQlV64j7dfP1,Sabrina Carpenter,,I Can't Stop Me,50.0,0,False,0.677,0.69,10.0,0.0,0.0,0.0741,0.288,0.0,0.103,0.545,139.995,4.0,['pop']
11cOetC5wVN9gaqBEGS5B4,Taylor Swift,,Teardrops On My Guitar - Radio Single Remix,0.0,0,False,0.621,0.417,10.0,0.0,1.0,0.0231,0.288,0.0,0.119,0.289,99.953,4.0,['pop']
51LmI5GE3tHKISLNZMjDPC,The Weeknd,,The Birds Pt. 2,52.0,0,False,0.296,0.518,9.0,0.0,0.0,0.0489,0.745,3.31e-05,0.462,0.0755,183.672,4.0,"['canadian contemporary r&b', 'canadian pop', 'pop']"
3nef5W8jTkXrOKgCu4kmq7,Ariana Grande,,Dangerous Woman,80.0,0,False,0.662,0.602,4.0,0.0,0.0,0.0401,0.0529,0.0,0.356,0.29,133.969,3.0,['pop']
7mc6gNNKbrCrYGDoVKaVna,Lana Del Rey,,Video Games,35.0,0,False,0.251,0.256,6.0,0.0,0.0,0.0311,0.812,0.0,0.0884,0.168,82.29,5.0,"['art pop', 'pop']"
7s2kWabRM60W9I61HpKg8C,Lorde,,Solar Power,64.0,0,False,0.73,0.483,4.0,0.0,1.0,0.0879,0.237,7.99e-05,0.31,0.883,87.996,4.0,"['art pop', 'metropopolis', 'nz pop', 'pop']"
4Rrj1QxDqsj28gv9SiHQRA,The Weeknd,,Out of Time - KAYTRANADA Remix,47.0,0,False,0.742,0.599,1.0,0.0,1.0,0.297,0.0962,0.000578,0.0981,0.573,108.283,4.0,"['canadian contemporary r&b', 'canadian pop', 'pop']"
5RcLLNStw5qR01c2W5Q92m,Arijit Singh,,Aa Bhi Ja Yaara (feat. Raabta),0.0,0,False,0.514,0.747,4.0,0.0,0.0,0.0558,0.274,0.0,0.712,0.435,128.109,4.0,"['filmi', 'modern bollywood']"
3sqpZ7OpMc0jto8rUXPw4B,Dua Lipa,,Houdini - Danny L Harle Slowride Mix,24.0,0,False,0.703,0.662,8.0,0.0,1.0,0.0321,0.0643,0.182,0.264,0.262,105.993,4.0,"['dance pop', 'pop', 'uk pop']"
2Irr5XfPM6cyoKijHSCrqM,Sabrina Carpenter,,Read your Mind,63.0,0,False,0.659,0.803,1.0,0.0,1.0,0.0446,0.0102,0.0,0.0746,0.62,120.08,4.0,['pop']
6HTwoo4dUOvePNqMsTarPA,TWICE,,Alcohol-Free,0.0,0,False,0.688,0.909,8.0,0.0,1.0,0.0624,0.0474,1.35e-06,0.0674,0.702,97.097,4.0,"['k-pop', 'k-pop girl group', 'pop']"
1IxeJLsubGTboNN9K5XNfL,Taylor Swift,,Wildest Dreams (Taylor's Version),52.0,0,False,0.587,0.663,8.0,0.0,1.0,0.0599,0.0354,9.06e-05,0.0902,0.544,139.99,4.0,['pop']
7lSdUlVf8k6kxklKkskb1m,Lana Del Rey,,Heroin,61.0,0,False,0.352,0.41,11.0,0.0,0.0,0.0388,0.556,0.0113,0.114,0.0952,118.721,4.0,"['art pop', 'pop']"
1GDF5AusV7p0wwi4OVNz3i,Harry Styles,,"Two Ghosts - Recorded at Metropolis Studios, London",56.0,0,False,0.535,0.231,6.0,0.0,0.0,0.0311,0.475,0.0,0.102,0.291,133.625,4.0,['pop']
32qFynFqOmxIdgMSIctWqK,Hozier,,Jackie And Wilson - Live,36.0,0,False,0.251,0.796,6.0,0.0,1.0,0.0432,0.203,1.59e-06,0.961,0.729,173.376,3.0,"['irish singer-songwriter', 'modern rock', 'pov: indie']"
71g5YNZv9ysuAZVPuxOmiC,BTS,,Dynamite (Holiday Remix),42.0,0,False,0.676,0.875,4.0,0.0,1.0,0.0769,0.0185,0.0,0.0524,0.595,113.998,4.0,"['k-pop', 'k-pop boy group', 'pop']"
0EJJu2Ag7DqTM8W4o7Vg7q,Lorde,,A World Alone,0.0,0,False,0.358,0.48,1.0,0.0,0.0,0.0428,0.306,0.00163,0.186,0.0653,117.937,4.0,"['art pop', 'metropopolis', 'nz pop', 'pop']"
5XkyZyKMdFungjDb9cUKc3,BTS,,A Brand New Day (BTS World Original Soundtrack) [Pt. 2],0.0,0,False,0.804,0.498,8.0,0.0,0.0,0.0571,0.339,0.000236,0.18,0.704,105.008,4.0,"['k-pop', 'k-pop boy group', 'pop']"
4EjLfjUNonstEf9ZED4gce,Ariana Grande,,Lovin' It,44.0,0,False,0.643,0.81,1.0,0.0,0.0,0.0415,0.114,0.0,0.179,0.411,94.008,4.0,['pop']
6LQzYkmd8ADbKOOEVDnlG4,Ariana Grande,,Only 1,56.0,0,False,0.656,0.842,0.0,0.0,1.0,0.24,0.5,0.0,0.0787,0.384,101.364,4.0,['pop']
1k3PzDNjg38cWqOvL4M9vq,Taylor Swift,,Invisible,55.0,0,False,0.612,0.394,7.0,0.0,1.0,0.0243,0.637,0.0,0.147,0.233,96.001,4.0,['pop']
3yHQKddM8SVCRnuPSo3HPN,BLACKPINK,,BOOMBAYAH,0.0,0,False,0.658,0.836,5.0,0.0,0.0,0.0549,0.00264,1.02e-06,0.507,0.387,124.969,4.0,"['k-pop', 'k-pop girl group', 'pop']"
1BpvuKIG7jK5EiTp2tv5z8,Shubh,,King Shit,78.0,0,False,0.794,0.566,11.0,0.0,0.0,0.0602,0.301,0.000168,0.151,0.68,85.953,4.0,['punjabi hip hop']
1q3RiD1tIWUpGsNFADMlvl,Taylor Swift,,All Too Well,56.0,0,False,0.602,0.609,0.0,0.0,1.0,0.0243,0.0382,0.0002,0.127,0.337,93.06,4.0,['pop']
0QE33jkiMTzCI8momkDmQY,The Weeknd,,Sacrifice (Remix) (feat. Swedish House Mafia),42.0,0,False,0.774,0.742,6.0,0.0,0.0,0.0784,0.0312,5.03e-05,0.0907,0.677,122.028,4.0,"['canadian contemporary r&b', 'canadian pop', 'pop']"
2hmafYGj1CXYKIYcMnX4lj,Taylor Swift,,cardigan - cabin in candlelight version,56.0,0,False,0.652,0.237,0.0,0.0,0.0,0.0335,0.9,0.0,0.0991,0.367,129.976,4.0,['pop']
5vjgyZm1Zhtg4RptN4evNQ,The Weeknd,,Love In The Sky,44.0,0,False,0.645,0.736,9.0,0.0,0.0,0.0514,0.16,0.000156,0.6,0.347,115.03,4.0,"['canadian contemporary r&b', 'canadian pop', 'pop']"
5by7gtiDrxe4n2qQQunL8S,Lana Del Rey,,Video Games,53.0,0,False,0.39,0.255,6.0,0.0,0.0,0.0299,0.806,1.14e-06,0.0887,0.179,122.056,4.0,"['art pop', 'pop']"
5OGALUjGm5kCEpejHs6vtA,Taylor Swift,,I Bet You Think About Me (feat. Chris Stapleton) (Taylor's Version) (From The Vault),43.0,0,False,0.403,0.714,0.0,0.0,1.0,0.0488,0.16,0.0,0.179,0.482,149.67,3.0,['pop']
4FKqLfrZNloY0vp8Pxjz6c,The Weeknd,,Pray For Me (with Kendrick Lamar),0.0,0,False,0.73,0.673,2.0,0.0,1.0,0.13,0.0902,2.55e-05,0.104,0.161,100.534,4.0,"['canadian contemporary r&b', 'canadian pop', 'pop']"
35TujHR7wzBFeZNRcx2r4q,Taylor Swift,,Christmas Must Be Something More,0.0,0,False,0.679,0.8,7.0,0.0,1.0,0.0402,0.362,0.0,0.0928,0.559,122.822,4.0,['pop']
4wSWZjWH7a5eVxskGxO13w,Arctic Monkeys,,The View From The Afternoon,0.0,0,False,0.387,0.922,9.0,0.0,0.0,0.0674,0.00487,0.0,0.187,0.417,146.478,4.0,"['garage rock', 'modern rock', 'permanent wave', 'rock', 'sheffield indie']"
44hoFQSNqQKKFPxKCCMoZ3,Hozier,,Who We Are,55.0,0,False,0.436,0.384,2.0,0.0,1.0,0.0263,0.0855,0.00128,0.0788,0.1,158.073,4.0,"['irish singer-songwriter', 'modern rock', 'pov: indie']"
1SySkCqhEG6Z68o2n07Bsr,The Weeknd,,In Your Eyes (feat. Kenny G) - Remix,48.0,0,False,0.606,0.786,7.0,0.0,0.0,0.0366,0.00229,9.46e-05,0.0725,0.525,99.969,4.0,"['canadian contemporary r&b', 'canadian pop', 'pop']"
1bB8idvcjJPUf1QBISrETz,BTS,,"We Are Bulletproof, Pt. 2",0.0,0,False,0.752,0.954,8.0,0.0,0.0,0.145,0.00828,2.29e-06,0.165,0.879,144.059,4.0,"['k-pop', 'k-pop boy group', 'pop']"
2R7C9dDqv1UPycvepBFziA,Taylor Swift,,Superman,41.0,0,False,0.582,0.765,7.0,0.0,1.0,0.0324,0.0268,1.95e-06,0.103,0.559,131.982,4.0,['pop']
3vJcz8exedHCjQ9ed95NqU,The Weeknd,,Every Angel is Terrifying,53.0,0,False,0.447,0.959,0.0,0.0,1.0,0.348,0.109,2.75e-05,0.0498,0.46,118.167,4.0,"['canadian contemporary r&b', 'canadian pop', 'pop']"
0jdbVCxHze7xkrdyac3Ksn,Lorde,,The Path,0.0,0,False,0.611,0.597,5.0,0.0,1.0,0.0463,0.436,0.0,0.105,0.0984,92.021,4.0,"['art pop', 'metropopolis', 'nz pop', 'pop']"
2jjh53eV2QVGIRjGTawheD,BLACKPINK,,WHISTLE - Acoustic Ver. Japanese Version,34.0,0,False,0.838,0.449,1.0,0.0,0.0,0.0431,0.788,0.0,0.0947,0.618,102.938,4.0,"['k-pop', 'k-pop girl group', 'pop']"
6fJhF2zdKgCSO3E4JcvVER,Mitski,,Abbey,0.0,0,False,0.511,0.204,11.0,0.0,1.0,0.0316,0.835,0.0,0.128,0.254,111.991,4.0,"['brooklyn indie', 'pov: indie']"
1edP751qQSUaA1vo7Hva3w,Ariana Grande,,breathin - live,45.0,0,False,0.322,0.874,8.0,0.0,1.0,0.2,0.0454,2.27e-06,0.945,0.171,98.089,4.0,['pop']
76qVJ5CbodXgDGleekie9O,TWICE,,Merry & Happy,0.0,0,False,0.716,0.63,10.0,0.0,1.0,0.0376,0.404,0.0,0.0817,0.667,154.078,4.0,"['k-pop', 'k-pop girl group', 'pop']"
0ZyfiFudK9Si2n2G9RkiWj,Lana Del Rey,,Ride,64.0,0,False,0.373,0.686,0.0,0.0,1.0,0.034,0.128,1.96e-06,0.383,0.189,93.763,4.0,"['art pop', 'pop']"
6ARSouo2qnKWkIZSlkudiD,Ariana Grande,,Best Mistake,30.0,0,False,0.654,0.578,6.0,0.0,1.0,0.449,0.547,0.0,0.112,0.233,143.866,4.0,['pop']
6pDVjCUA3B1vg9waKutAsv,The Weeknd,,Attention,63.0,0,False,0.671,0.428,4.0,0.0,0.0,0.124,0.688,0.000182,0.119,0.362,148.04,4.0,"['canadian contemporary r&b', 'canadian pop', 'pop']"
4m8OYzzuXMfbia15YlwdQL,TWICE,,TT,0.0,0,False,0.713,0.86,2.0,0.0,1.0,0.0842,0.0469,0.000184,0.434,0.354,129.909,4.0,"['k-pop', 'k-pop girl group', 'pop']"
2xfRDWDKOisEXgRnYI58Tb,Cigarettes After Sex,,Starry Eyes,0.0,0,False,0.425,0.363,2.0,0.0,1.0,0.0322,0.448,0.321,0.0685,0.12,100.426,4.0,"['ambient pop', 'dream pop', 'el paso indie', 'shoegaze']"
2IY7eOUDjw2ArKYxKa2jXc,The Weeknd,,Starboy,0.0,0,False,0.682,0.592,7.0,0.0,1.0,0.281,0.169,5.49e-06,0.136,0.5,186.041,4.0,"['canadian contemporary r&b', 'canadian pop', 'pop']"
1J0qupz0gVGSB5jcRY35tL,Stray Kids,,Maknae On Top (I.N),62.0,0,False,0.834,0.619,8.0,0.0,1.0,0.0465,0.28,1.97e-05,0.0374,0.883,129.986,4.0,"['k-pop', 'k-pop boy group', 'pop']"
29RfrpHC12SyrPW1ozqdWz,Lana Del Rey,,Sad Girl,54.0,0,False,0.345,0.587,5.0,0.0,1.0,0.0364,0.539,0.0731,0.119,0.258,119.479,4.0,"['art pop', 'pop']"
6aU9WABbPXrV0moONji2g7,Taylor Swift,,Bad Blood,0.0,0,False,0.0,0.0,0.0,0.0,0.0,0.0,0.0,0.0,0.0,0.0,0.0,0.0,['pop']
2ofOe2OaXFpZF5ETbsc7Qu,Ariana Grande,,Honeymoon Avenue,54.0,0,False,0.692,0.608,8.0,0.0,0.0,0.041,0.218,0.0,0.348,0.449,125.012,4.0,['pop']
3cw6T3OEgqLiqEDLDQPSnE,IVE,,Cherish,58.0,0,False,0.853,0.654,5.0,0.0,1.0,0.0669,0.306,4.71e-06,0.11,0.868,112.997,4.0,['k-pop girl group']
4KiDinOqlkARDYvoUOrl0j,Taylor Swift,,Come Back...Be Here,0.0,0,False,0.483,0.548,4.0,0.0,1.0,0.0254,0.00471,2.01e-06,0.0997,0.217,79.926,4.0,['pop']
5U1XqpEGLeDd48dDFNqQEC,BTS,,MAMA,0.0,0,False,0.544,0.739,5.0,0.0,0.0,0.232,0.000226,2.14e-05,0.0816,0.467,185.81,4.0,"['k-pop', 'k-pop boy group', 'pop']"
79ypLbXeRsgNgd3uZTOcY4,TWICE,,Dance Again,57.0,0,False,0.688,0.832,10.0,0.0,1.0,0.0574,0.173,0.0,0.0901,0.818,113.973,4.0,"['k-pop', 'k-pop girl group', 'pop']"
0oHn3CGVerdfLqIrN6CT42,Stray Kids,,"Muddy Water (Changbin, Hyunjin, HAN, Felix)",60.0,0,False,0.76,0.871,1.0,0.0,1.0,0.231,0.306,0.0,0.079,0.888,89.989,4.0,"['k-pop', 'k-pop boy group', 'pop']"
3RwWW7KeVhHGayYJgUL5eZ,Ariana Grande,,eternal sunshine,85.0,0,False,0.658,0.505,9.0,0.0,1.0,0.105,0.537,0.0,0.113,0.331,159.947,4.0,['pop']
2gZaVIT44gRC8AZfO1LCgP,Stray Kids,,Insomnia,47.0,0,False,0.65,0.748,11.0,0.0,0.0,0.344,0.157,0.0,0.102,0.767,167.954,4.0,"['k-pop', 'k-pop boy group', 'pop']"
269xqcgGTN9PlivhUkOLhX,Lana Del Rey,,In My Feelings,68.0,0,False,0.54,0.674,2.0,0.0,1.0,0.0802,0.0553,0.0608,0.112,0.309,89.933,4.0,"['art pop', 'pop']"
50yNTF0Od55qnHLxYsA5Pw,Taylor Swift,,Shake It Off (Taylor's Version),63.0,0,False,0.636,0.808,7.0,0.0,1.0,0.0729,0.0121,2.18e-05,0.359,0.917,160.058,4.0,['pop']
3eZYOQO4UzKrUDYDghtnFw,Ariana Grande,,test drive,62.0,0,False,0.698,0.708,9.0,0.0,0.0,0.0454,0.0251,0.0,0.124,0.322,115.036,4.0,['pop']
0MYIrBXK8cmJwY0Ny98L7x,Lorde,,The Louvre,20.0,0,False,0.664,0.382,0.0,0.0,1.0,0.047,0.239,0.00749,0.0943,0.126,123.214,4.0,"['art pop', 'metropopolis', 'nz pop', 'pop']"
42wKjrBHwwVkqcrQAz5fva,Dua Lipa,,Hallucinate (Paul Woolford Remix) [Extended] [Mixed],37.0,0,False,0.562,0.806,5.0,0.0,0.0,0.0326,0.00857,0.218,0.162,0.695,123.013,4.0,"['dance pop', 'pop', 'uk pop']"
0vfPEfQk0ZCHExTZ007Ryr,Lana Del Rey,,Guns And Roses,60.0,0,False,0.533,0.666,8.0,0.0,0.0,0.0448,0.3,0.00862,0.115,0.343,108.928,4.0,"['art pop', 'pop']"
5wEreUfwxZxWnEol61ulIi,Lana Del Rey,,Born To Die,68.0,0,False,0.393,0.634,4.0,0.0,0.0,0.0378,0.2,0.000166,0.198,0.395,85.767,4.0,"['art pop', 'pop']"
4QcHRRDS0ayymLybzKNZq4,TWICE,,Heart Shaker,0.0,0,False,0.565,0.943,8.0,0.0,1.0,0.0645,0.105,0.0,0.154,0.855,164.059,4.0,"['k-pop', 'k-pop girl group', 'pop']"
10nKpjx7lRAJHiyYtLmTbh,Lana Del Rey,,Young And Beautiful - Cedric Gervais Remix Radio Edit,0.0,0,False,0.535,0.799,11.0,0.0,0.0,0.0606,0.281,0.0379,0.286,0.427,125.966,4.0,"['art pop', 'pop']"
2OghnlGqZZsFzHjG0CSE9l,Taylor Swift,,Red - Original Demo Recording,38.0,0,False,0.678,0.902,1.0,0.0,0.0,0.0358,0.113,0.000235,0.0705,0.637,124.998,4.0,['pop']
3rnI1UCyGJvUTVvT97VQr5,Taylor Swift,,Tell Me Why,41.0,0,False,0.604,0.855,7.0,0.0,1.0,0.038,0.0571,3.65e-06,0.343,0.51,99.96,4.0,['pop']
7iKDsPfLT0d5mu2htfMKBZ,BLACKPINK,,Love To Hate Me,65.0,0,False,0.686,0.64,8.0,0.0,1.0,0.159,0.0334,0.0,0.0801,0.597,162.225,4.0,"['k-pop', 'k-pop girl group', 'pop']"
4Vhvlhomv8fTp2e6I4XTpe,BLACKPINK,,Lovesick Girls,58.0,0,False,0.658,0.732,6.0,0.0,1.0,0.0654,0.00513,0.0,0.13,0.409,127.995,4.0,"['k-pop', 'k-pop girl group', 'pop']"
3We8H9cfhS7x4hdwBn9vXW,Ariana Grande,,Jason's Song (Gave It Away),42.0,0,False,0.655,0.662,7.0,0.0,0.0,0.0554,0.451,2.72e-05,0.0773,0.581,106.0,4.0,['pop']
41sjzdjScVwnxnxADElts6,Taylor Swift,,Stay Beautiful,54.0,0,False,0.594,0.629,8.0,0.0,1.0,0.0246,0.0868,0.0,0.137,0.504,131.597,4.0,['pop']
7E8edqa0m0ASLXkLfmWY03,Ariana Grande,,Problem,44.0,0,False,0.603,0.805,1.0,0.0,0.0,0.259,0.0178,1.02e-05,0.133,0.611,102.734,4.0,['pop']
50YZQsqoTXoPHd1YmZyBID,The Weeknd,,Devil May Cry - From “The Hunger Games: Catching Fire” Soundtrack,41.0,0,False,0.496,0.53,3.0,0.0,0.0,0.0268,0.258,3.64e-05,0.119,0.188,97.913,4.0,"['canadian contemporary r&b', 'canadian pop', 'pop']"
4DmS8lnz6VbEMWrUcbm8WZ,TWICE,,One More Time,47.0,0,False,0.74,0.928,7.0,0.0,1.0,0.0633,0.00288,0.0,0.319,0.671,129.955,4.0,"['k-pop', 'k-pop girl group', 'pop']"
1cfVkL84XmRON3Gl9jDXKI,Ariana Grande,,Into You - 3LAU Remix,56.0,0,False,0.615,0.781,6.0,0.0,0.0,0.109,0.0171,0.0017,0.178,0.268,126.254,3.0,['pop']
0dssTLrqY79Klk6jx2RXCj,Lana Del Rey,,When The World Was At War We Kept Dancing,59.0,0,False,0.616,0.605,7.0,0.0,1.0,0.0343,0.097,0.00812,0.165,0.185,116.031,4.0,"['art pop', 'pop']"
6Uc4EHr3ktYmLfLDY7LifJ,Ariana Grande,,Snow In California,41.0,0,False,0.631,0.533,1.0,0.0,1.0,0.0518,0.257,0.0,0.351,0.428,135.002,4.0,['pop']
6zrJLhslleCHby0wbUnvVy,Dua Lipa,,Future Nostalgia,56.0,0,False,0.875,0.813,7.0,0.0,1.0,0.0579,0.00618,0.0,0.321,0.859,114.993,4.0,"['dance pop', 'pop', 'uk pop']"
6E4rQRDFvoB9KZfIwvaH2I,Lana Del Rey,,High By The Beach,0.0,0,False,0.54,0.492,11.0,0.0,0.0,0.0348,0.261,0.00723,0.118,0.0932,131.946,4.0,"['art pop', 'pop']"
6qmlMEO6UKnAbdaEjf25f0,Lana Del Rey,,Cinnamon Girl,25.0,0,False,0.294,0.337,6.0,0.0,0.0,0.036,0.814,0.414,0.14,0.135,91.781,5.0,"['art pop', 'pop']"
2zzxwmoOBnXDT0KnJsoIWk,Taylor Swift,,Tied Together with a Smile,54.0,0,False,0.479,0.578,2.0,0.0,1.0,0.0294,0.525,0.0,0.0841,0.192,146.165,4.0,['pop']
4KBx9DSSbFaumwlEqjX4CP,Ariana Grande,,"thank u, next",50.0,0,False,0.743,0.662,1.0,0.0,1.0,0.0534,0.268,1.36e-06,0.102,0.408,107.027,4.0,['pop']
6reeYMdka9BetPRvgOgUEK,Ariana Grande,,Problem,14.0,0,False,0.661,0.764,1.0,0.0,0.0,0.179,0.0202,4.55e-06,0.128,0.586,103.023,4.0,['pop']
2Nib4r0saYQf2pUV4RFDhl,BTS,,Interlude : Shadow,0.0,0,False,0.385,0.798,9.0,0.0,0.0,0.483,0.115,0.0,0.181,0.141,149.756,4.0,"['k-pop', 'k-pop boy group', 'pop']"
0mTHy19ihR54DdAxc9mU1C,Cigarettes After Sex,,K.,0.0,0,False,0.454,0.401,3.0,0.0,1.0,0.026,0.131,0.845,0.137,0.321,93.719,4.0,"['ambient pop', 'dream pop', 'el paso indie', 'shoegaze']"
36YCdzT57us0LhDmCYtrNE,The Weeknd,,Rockin',64.0,0,False,0.738,0.885,9.0,0.0,0.0,0.206,0.0133,0.0,0.0821,0.752,112.878,4.0,"['canadian contemporary r&b', 'canadian pop', 'pop']"
5xZAscnOpluzTCwvDlptBN,TWICE,,YOUNG & WILD,0.0,0,False,0.586,0.649,2.0,0.0,1.0,0.181,0.129,0.0,0.434,0.296,102.985,4.0,"['k-pop', 'k-pop girl group', 'pop']"
6eGMMPRVYzpssGgednRvzU,Lana Del Rey,,Cherry,0.0,0,False,0.355,0.541,8.0,0.0,0.0,0.0608,0.0457,0.00516,0.316,0.337,123.524,3.0,"['art pop', 'pop']"
4GqkWberT9cHK9P6REykBd,Ariana Grande,,boyfriend (with Social House),43.0,0,False,0.507,0.778,10.0,0.0,0.0,0.427,0.0804,0.0,0.297,0.696,189.833,4.0,['pop']
7aAsStiuC4Zw8vIbvRWtq7,The Weeknd,,Sacrifice (Remix) (feat. Swedish House Mafia),0.0,0,False,0.774,0.742,6.0,0.0,0.0,0.0784,0.0312,5.03e-05,0.0907,0.677,122.028,4.0,"['canadian contemporary r&b', 'canadian pop', 'pop']"
598nAglAU2FYie8Gcz9p2A,Lana Del Rey,,Honeymoon,0.0,0,False,0.268,0.271,5.0,0.0,0.0,0.0328,0.95,0.00467,0.111,0.161,82.109,3.0,"['art pop', 'pop']"
1QQIMiVYhsJuPTts6p0hYi,Taylor Swift,,Safe & Sound - from The Hunger Games Soundtrack,38.0,0,False,0.472,0.3,7.0,0.0,1.0,0.028,0.883,1.04e-05,0.0698,0.289,144.317,4.0,['pop']
0Aj9mjOpjS2TbgSB6sdXNo,Dua Lipa,,Running,44.0,0,False,0.62,0.694,10.0,0.0,0.0,0.0311,0.0178,0.0,0.19,0.319,98.002,4.0,"['dance pop', 'pop', 'uk pop']"
7LQKuOaqJrNgVIGLFnfvdn,Lana Del Rey,,Million Dollar Man,65.0,0,False,0.382,0.589,6.0,0.0,1.0,0.0359,0.484,0.0,0.131,0.511,65.627,4.0,"['art pop', 'pop']"
0uZ9Cop3w5BIkNrMwy2uOL,Mitski,,Wife,0.0,0,False,0.376,0.101,0.0,0.0,1.0,0.0333,0.956,0.0,0.382,0.231,79.95,3.0,"['brooklyn indie', 'pov: indie']"
5NhDDt5Zy8yGOECN3PLRdE,TWICE,,FIREWORK,48.0,0,False,0.7,0.92,10.0,0.0,0.0,0.0536,0.115,2.93e-06,0.701,0.685,108.006,4.0,"['k-pop', 'k-pop girl group', 'pop']"
5podb1asONjqwKk1iMVOeG,Stray Kids,,Hall of Fame,69.0,0,False,0.593,0.858,1.0,0.0,1.0,0.214,0.226,0.0,0.115,0.764,160.164,4.0,"['k-pop', 'k-pop boy group', 'pop']"
0HGcQDbRen8luCnwH53sNl,Ariana Grande,,Break Your Heart Right Back,55.0,0,False,0.726,0.605,6.0,0.0,1.0,0.0628,0.0113,0.0,0.0639,0.588,93.93,4.0,['pop']
2xV3JIIeKgIvsJRLFgReCU,BLACKPINK,,Pink Venom,55.0,0,False,0.794,0.719,0.0,0.0,1.0,0.0761,0.0119,0.0,0.276,0.69,90.016,4.0,"['k-pop', 'k-pop girl group', 'pop']"
2uqzfXB7NlBnhQd04W7HaH,BTS,,Let Me Know,59.0,0,False,0.61,0.829,11.0,0.0,0.0,0.0847,0.0111,0.0,0.0961,0.156,136.102,4.0,"['k-pop', 'k-pop boy group', 'pop']"
1SrsEuRiRoopW2pZDaHgVA,Stray Kids,,Love Untold (Hyunjin),57.0,0,False,0.575,0.86,4.0,0.0,1.0,0.0669,0.0563,2.17e-06,0.167,0.311,180.058,4.0,"['k-pop', 'k-pop boy group', 'pop']"
2yYDijitHN6psA2tH0ndXs,The Weeknd,,The Birds Pt. 2,55.0,0,False,0.278,0.564,9.0,0.0,0.0,0.0357,0.459,9.4e-06,0.256,0.177,78.639,3.0,"['canadian contemporary r&b', 'canadian pop', 'pop']"
2e9N4vHYVUwSwRorBzsZXE,Hozier,,Almost (Sweet Music),0.0,0,False,0.427,0.689,7.0,0.0,1.0,0.135,0.021,1.69e-06,0.203,0.706,88.875,4.0,"['irish singer-songwriter', 'modern rock', 'pov: indie']"
35dhwUoJNlxrPyEIJkfDnx,TWICE,,I GOT YOU,71.0,0,False,0.52,0.805,8.0,0.0,1.0,0.0551,0.0451,0.0,0.0935,0.496,176.103,4.0,"['k-pop', 'k-pop girl group', 'pop']"
4qCySCQyiyLT2mVUOM2zdS,Olivia Rodrigo,,The Rose Song,50.0,0,False,0.437,0.374,5.0,0.0,1.0,0.0376,0.786,0.0,0.107,0.461,141.897,4.0,['pop']
0xYGd48DeDuVok1DpMungk,Taylor Swift,,Picture To Burn,0.0,0,False,0.658,0.877,7.0,0.0,1.0,0.0323,0.173,0.0,0.0962,0.821,105.586,4.0,['pop']
56fUbkZ2DHk2PixrNaxlzJ,The Weeknd,,Hurt You,31.0,0,False,0.479,0.721,5.0,0.0,0.0,0.0876,0.249,0.00372,0.111,0.388,183.908,4.0,"['canadian contemporary r&b', 'canadian pop', 'pop']"
34l2nKu9kSj0BZahVIAT3L,Lana Del Rey,,Yayo,49.0,0,False,0.506,0.201,3.0,0.0,0.0,0.0294,0.926,0.000411,0.253,0.145,71.925,4.0,"['art pop', 'pop']"
4rsoLz7ZY1Ldz8dpm4Lqtg,BLACKPINK,,Kick It,61.0,0,False,0.765,0.787,1.0,0.0,0.0,0.0445,0.0156,0.0,0.0736,0.381,124.949,4.0,"['k-pop', 'k-pop girl group', 'pop']"
7zUEAYmAy98AZ1See3m8l8,The Weeknd,,Starboy,0.0,0,False,0.675,0.603,7.0,0.0,1.0,0.282,0.134,6.19e-06,0.151,0.479,185.989,4.0,"['canadian contemporary r&b', 'canadian pop', 'pop']"
7ovNQzugF7Rf6KYMvcfwSG,Taylor Swift,,The Very First Night (Taylor's Version) (From The Vault),39.0,0,False,0.678,0.733,7.0,0.0,1.0,0.0281,0.00115,0.0,0.104,0.581,121.009,4.0,['pop']
3hqJdqziOPbu422kXaOyII,Sabrina Carpenter,,Right Now,39.0,0,False,0.649,0.678,2.0,0.0,1.0,0.0401,0.0407,0.0,0.156,0.528,107.978,4.0,['pop']
0NAwPzl6im6ds9pe51BdD4,Ariana Grande,,Bad Decisions,29.0,0,False,0.696,0.653,4.0,0.0,0.0,0.0425,0.0173,0.0,0.279,0.794,131.949,4.0,['pop']
7Gq4tfeuWPjr6WQiB7aBXz,Sabrina Carpenter,,Mona Lisa,54.0,0,False,0.764,0.473,1.0,0.0,0.0,0.0451,0.277,0.0,0.117,0.53,143.999,4.0,['pop']
711e2SNCky0TBH38Ywer18,Lana Del Rey,,The Other Woman,49.0,0,False,0.255,0.468,7.0,0.0,0.0,0.0317,0.822,0.248,0.339,0.175,111.67,4.0,"['art pop', 'pop']"
51hIGgLnT8s6gEzjVqKlEF,BTS,,MAMA,57.0,0,False,0.543,0.739,5.0,0.0,0.0,0.232,0.000226,2.14e-05,0.0816,0.466,185.832,4.0,"['k-pop', 'k-pop boy group', 'pop']"
0B5QveFYJv8jpcJe2G5wcF,Mitski,,My Body's Made of Crushed Little Stars,0.0,0,False,0.202,0.744,7.0,0.0,1.0,0.0641,2.18e-05,5.13e-05,0.493,0.316,81.914,4.0,"['brooklyn indie', 'pov: indie']"
6GfTYfb5eBLN1p1ByOsPmi,Olivia Rodrigo,,"Wondering - From ""High School Musical: The Musical: The Series""",61.0,0,False,0.469,0.444,6.0,0.0,1.0,0.0396,0.808,0.0,0.0932,0.221,129.385,4.0,['pop']
6LlfNW9JzD0USPRkD8imdc,Dua Lipa,,Dance The Night,41.0,0,False,0.671,0.845,11.0,0.0,0.0,0.048,0.0207,0.0,0.329,0.775,110.056,4.0,"['dance pop', 'pop', 'uk pop']"
0MciUrJaj9OZoAuGUU40Wr,Dua Lipa,,Don't Start Now - Pink Panda Remix,47.0,0,False,0.677,0.696,7.0,0.0,1.0,0.0414,0.00285,0.0,0.155,0.357,127.994,4.0,"['dance pop', 'pop', 'uk pop']"
5LYQSNHZxEA880URXFHg6h,Lana Del Rey,,Lust for Life (with The Weeknd),0.0,0,False,0.499,0.676,0.0,0.0,0.0,0.0582,0.588,0.00484,0.358,0.295,99.979,4.0,"['art pop', 'pop']"
0YrMTMLpLq1UIkWgghNM6c,Taylor Swift,,Treacherous (Taylor's Version),42.0,0,False,0.645,0.593,2.0,0.0,1.0,0.0288,0.0344,0.000127,0.13,0.299,109.984,4.0,['pop']
4w1dIZxwO83XpKo5wgLhkk,The Weeknd,,Belong To The World,43.0,0,False,0.503,0.858,5.0,0.0,0.0,0.0578,0.00392,0.0,0.119,0.361,121.008,4.0,"['canadian contemporary r&b', 'canadian pop', 'pop']"
1Sftw4WKhFJGv7qQXlse4Y,Stray Kids,,Double Knot,56.0,0,False,0.752,0.738,5.0,0.0,0.0,0.365,0.0541,0.0,0.526,0.585,146.944,4.0,"['k-pop', 'k-pop boy group', 'pop']"
4yOqfpzmL4FvmXJTUgAMUP,BLACKPINK,,Crazy Over You,48.0,0,False,0.805,0.66,4.0,0.0,1.0,0.0582,0.0367,6.4e-05,0.215,0.617,114.954,4.0,"['k-pop', 'k-pop girl group', 'pop']"
4DLLB9erwRrOPPVQLitCyV,Arctic Monkeys,,Chun Li Flying Bird Kick,40.0,0,False,0.669,0.846,7.0,0.0,1.0,0.0295,0.00325,0.82,0.0651,0.552,107.034,4.0,"['garage rock', 'modern rock', 'permanent wave', 'rock', 'sheffield indie']"
7N015NTIWGjQDddHUdHPoO,Taylor Swift,,exile (feat. Bon Iver) - the long pond studio sessions,55.0,0,False,0.359,0.305,6.0,0.0,1.0,0.0306,0.848,6.74e-05,0.111,0.108,151.956,4.0,['pop']
4sC589n5FFW9jHOSUxnkd6,Taylor Swift,,Question...?,43.0,0,False,0.722,0.494,7.0,0.0,1.0,0.204,0.216,0.0,0.226,0.131,108.94,4.0,['pop']
4pHQ9RYFhn3W0ha5KEuMnj,The Weeknd,,Adaptation,54.0,0,False,0.642,0.79,11.0,0.0,0.0,0.0681,0.151,0.000583,0.305,0.613,114.96,4.0,"['canadian contemporary r&b', 'canadian pop', 'pop']"
6Q4JJnjX00q8O10OliHhjS,Ariana Grande,,love me harder - live,43.0,0,False,0.448,0.71,1.0,0.0,0.0,0.0578,0.196,0.0,0.638,0.273,104.024,4.0,['pop']
1FlYPPzFJUNh3KRE36pYbe,Ariana Grande,,Sometimes,0.0,0,False,0.397,0.666,1.0,0.0,0.0,0.248,0.0907,0.0,0.344,0.568,77.915,4.0,['pop']
7Keo3ZZNaFgFiI3inNMFod,Stray Kids,,YAYAYA,45.0,0,False,0.67,0.928,9.0,0.0,0.0,0.239,0.136,0.0,0.225,0.697,132.006,4.0,"['k-pop', 'k-pop boy group', 'pop']"
0pKrMTlDlW54abYkdBsgxj,Arctic Monkeys,,Knee Socks,0.0,0,False,0.669,0.54,11.0,0.0,0.0,0.0339,0.137,0.00374,0.339,0.549,97.993,4.0,"['garage rock', 'modern rock', 'permanent wave', 'rock', 'sheffield indie']"
1LiNP5q2thWScdvCRkJ584,TWICE,,UP NO MORE,57.0,0,False,0.709,0.88,2.0,0.0,1.0,0.0585,0.0298,4.46e-06,0.103,0.713,119.948,4.0,"['k-pop', 'k-pop girl group', 'pop']"
1D7e4LrjdB4mKaI9XYrmPY,TWICE,,CHEER UP,0.0,0,False,0.551,0.885,6.0,0.0,1.0,0.124,0.139,0.0,0.114,0.509,172.95,4.0,"['k-pop', 'k-pop girl group', 'pop']"
7qqrGV5WpQnMKqVTsDZd9J,Lana Del Rey,,Buddy's Rendezvous,55.0,0,False,0.289,0.324,5.0,0.0,1.0,0.0301,0.851,0.00368,0.112,0.244,77.94,4.0,"['art pop', 'pop']"
3n1vWk5ATCmw4116OfUFVl,Dua Lipa,,Pretty Please (Midland Refix) [Mixed],39.0,0,False,0.927,0.729,1.0,0.0,1.0,0.146,0.00594,0.000309,0.206,0.874,128.003,4.0,"['dance pop', 'pop', 'uk pop']"
6t5zloC7h0EQllwYph9brV,The Weeknd,,Hardest To Love,41.0,0,False,0.466,0.609,10.0,0.0,1.0,0.065,0.0911,9.32e-05,0.122,0.103,81.186,4.0,"['canadian contemporary r&b', 'canadian pop', 'pop']"
7ut4Y7gxOFe3d3rLJQ7i5w,Taylor Swift,,Gorgeous,0.0,0,False,0.8,0.535,7.0,0.0,1.0,0.135,0.0713,9.48e-06,0.213,0.451,92.027,4.0,['pop']
36aoiqTQcBGDb7bAO3n5XO,The Weeknd,,Out of Time - KAYTRANADA Remix,40.0,0,False,0.742,0.599,1.0,0.0,1.0,0.297,0.0962,0.000578,0.0981,0.573,108.283,4.0,"['canadian contemporary r&b', 'canadian pop', 'pop']"
33CeM8NI7tfrNgciVOFMoo,Lana Del Rey,,Summertime Sadness,59.0,0,False,0.565,0.647,1.0,0.0,0.0,0.0334,0.0456,0.0,0.121,0.216,111.931,4.0,"['art pop', 'pop']"
6oCGHGu19poEz8iF3ZXHrj,Dua Lipa,,Break My Heart / Cosmic Girl (Dimitri From Paris Edit) [Mixed],49.0,0,False,0.696,0.885,2.0,0.0,1.0,0.0583,0.0697,0.0217,0.344,0.81,120.283,4.0,"['dance pop', 'pop', 'uk pop']"
3JWzwvBe0kZ2pD2ldDD5Sh,Ariana Grande,,"yes, and?",18.0,0,False,0.792,0.77,1.0,0.0,1.0,0.0514,0.183,2.24e-05,0.102,0.872,119.062,4.0,['pop']
40eQ3f56CJ34Io5JXKn5rF,Stray Kids,,CALL,49.0,0,False,0.84,0.698,10.0,0.0,1.0,0.192,0.215,0.0,0.149,0.846,89.977,4.0,"['k-pop', 'k-pop boy group', 'pop']"
7BaPSGIHqsUmYLyF5H8gAG,Mitski,,Class of 2013 (Audiotree Live Version),0.0,0,False,0.192,0.124,2.0,0.0,1.0,0.0432,0.883,3.83e-05,0.175,0.039,109.22,3.0,"['brooklyn indie', 'pov: indie']"
3TVWi92dWPMVcKpXvX32UX,BTS,,First Love,0.0,0,False,0.517,0.741,8.0,0.0,0.0,0.323,0.362,0.0,0.164,0.672,86.526,4.0,"['k-pop', 'k-pop boy group', 'pop']"
2mBtKEUCZVh9BTDhlj5OiW,Stray Kids,,Awkward Silence,53.0,0,False,0.573,0.893,10.0,0.0,0.0,0.243,0.0957,0.0,0.0974,0.725,200.11,4.0,"['k-pop', 'k-pop boy group', 'pop']"
2jYmK1cb3Uya6FFsocdpzO,Sabrina Carpenter,,Why,0.0,0,False,0.669,0.561,11.0,0.0,0.0,0.209,0.157,0.0,0.0739,0.604,180.044,4.0,['pop']
1gK0BfPe1BbB6jxyD9FSyX,Arctic Monkeys,,The Jeweller's Hands,0.0,0,False,0.502,0.803,0.0,0.0,0.0,0.0518,0.137,0.064,0.113,0.398,96.919,4.0,"['garage rock', 'modern rock', 'permanent wave', 'rock', 'sheffield indie']"
0d9BBAvHC8DjidkKmKBNms,Taylor Swift,,King Of My Heart,0.0,0,False,0.675,0.703,0.0,0.0,1.0,0.0382,0.00882,2.21e-06,0.0391,0.314,110.01,4.0,['pop']
2WFb9JwoOvZMoiuzZrCfR4,Lana Del Rey,,High By The Beach,0.0,0,False,0.526,0.484,11.0,0.0,0.0,0.0359,0.255,0.00601,0.118,0.0944,131.978,4.0,"['art pop', 'pop']"
7LfIX3DCzl3AtGJWlCKOKK,Arijit Singh,,"Tum Hi Ho (From ""Aashiqui 2)",38.0,0,False,0.528,0.449,5.0,0.0,0.0,0.025,0.785,0.0,0.122,0.317,94.058,4.0,"['filmi', 'modern bollywood']"
2LCWFpLZ92PyjyWzJ2VvCj,Dua Lipa,,New Rules - Acoustic,0.0,0,False,0.825,0.345,9.0,0.0,0.0,0.0372,0.601,0.0,0.121,0.506,116.072,4.0,"['dance pop', 'pop', 'uk pop']"
7Hh3tWJgv856P2sPCtVIDB,Dua Lipa,,Don't Start Now (Zach Witness Remix) [Malibu Mermaids Version],22.0,0,False,0.712,0.917,11.0,0.0,0.0,0.0725,0.00582,0.000101,0.252,0.454,118.014,4.0,"['dance pop', 'pop', 'uk pop']"
7EpKfPAURnG9OCVer0S30N,Ariana Grande,,Lovin' It,41.0,0,False,0.624,0.821,1.0,0.0,0.0,0.0422,0.112,0.0,0.276,0.449,93.984,4.0,['pop']
3bQsp4Vr9Rg4fNCx6HPOgX,Anuv Jain,,Alag Aasmaan,74.0,0,False,0.699,0.299,6.0,0.0,1.0,0.0403,0.869,0.0,0.0724,0.459,118.968,4.0,"['desi pop', 'hindi indie', 'indian indie', 'indian singer-songwriter']"
5jbYpsQ90SOPOkORyG4a4F,Lana Del Rey,,Old Money,0.0,0,False,0.314,0.172,10.0,0.0,0.0,0.0333,0.889,1e-05,0.134,0.185,109.978,1.0,"['art pop', 'pop']"
1oyvfXXSKGurQV68wZq8aK,Taylor Swift,,the last great american dynasty,39.0,0,False,0.684,0.661,7.0,0.0,1.0,0.0407,0.473,0.00215,0.109,0.713,147.909,4.0,['pop']
1FYLqciy2MckeKgTvOCawO,Ariana Grande,,side to side - live,43.0,0,False,0.515,0.865,6.0,0.0,0.0,0.161,0.0251,5.59e-05,0.971,0.372,158.053,4.0,['pop']
7g5DlwyMdGDvcExDg5H2BA,Sabrina Carpenter,,white xmas,44.0,0,False,0.401,0.388,11.0,0.0,1.0,0.0483,0.744,0.0,0.109,0.301,118.787,4.0,['pop']
786NsUYn4GGUf8AOt0SQhP,Taylor Swift,,State Of Grace,39.0,0,False,0.588,0.825,4.0,0.0,1.0,0.0328,0.000197,0.00138,0.0885,0.397,129.968,4.0,['pop']
0ao5xnzWNAt0dZFF6v4Sct,Ariana Grande,,goodnight n go - live,42.0,0,False,0.603,0.611,1.0,0.0,1.0,0.0322,0.158,0.0,0.944,0.158,111.02,4.0,['pop']
0q85C1JiECyYIQthz1posA,Ariana Grande,,obvious,60.0,0,False,0.624,0.672,0.0,0.0,1.0,0.106,0.0967,0.0,0.155,0.26,159.852,4.0,['pop']
36naJUGTa5nfjyhbkUwH1y,The Weeknd,,Can't Feel My Face,19.0,0,False,0.71,0.774,9.0,0.0,0.0,0.041,0.117,0.0,0.0967,0.61,107.96,4.0,"['canadian contemporary r&b', 'canadian pop', 'pop']"
6UvZ1XimCap0SJyErd8zmW,Hozier,,Take Me To Church,0.0,0,False,0.56,0.657,4.0,0.0,0.0,0.0465,0.564,0.0,0.114,0.416,128.864,4.0,"['irish singer-songwriter', 'modern rock', 'pov: indie']"
6fsrtPKAPL1erRl4oeDnOf,Stray Kids,,Another Day,45.0,0,False,0.848,0.453,2.0,0.0,0.0,0.126,0.422,3.67e-05,0.333,0.54,94.991,4.0,"['k-pop', 'k-pop boy group', 'pop']"
33xsfOv9tfMN6nfH1UwGqi,Ariana Grande,,One Last Time,1.0,0,False,0.603,0.44,8.0,0.0,1.0,0.0346,0.0309,7e-06,0.209,0.106,125.012,4.0,['pop']
7rWGO6nfsDwHTqYrHP9eSh,Mitski,,A Loving Feeling,0.0,0,False,0.331,0.748,9.0,0.0,1.0,0.0568,1.28e-05,6.65e-05,0.166,0.338,147.183,4.0,"['brooklyn indie', 'pov: indie']"
79J3t6ZGyQWKHUXCdKPidK,Lana Del Rey,,Fucked My Way Up To The Top,37.0,0,False,0.52,0.69,5.0,0.0,1.0,0.0554,0.601,0.201,0.137,0.182,129.839,4.0,"['art pop', 'pop']"
4xbN7giFhdGbSQTPyG178F,Cigarettes After Sex,,John Wayne,0.0,0,False,0.429,0.457,3.0,0.0,1.0,0.0294,0.35,0.859,0.099,0.183,124.033,4.0,"['ambient pop', 'dream pop', 'el paso indie', 'shoegaze']"
58nh2KDDyG5eJdm0bndUdT,TWICE,,Que No Se Apague Tu Luz,21.0,0,False,0.635,0.813,0.0,0.0,1.0,0.135,0.21,3.93e-06,0.0771,0.891,169.926,4.0,"['latin worship', 'peruvian indie', 'rock cristiano']"
3ZhnXFSunfOPWSqfLLQA9W,The Weeknd,,Pretty,43.0,0,False,0.572,0.685,11.0,0.0,0.0,0.0397,0.0355,3.43e-05,0.315,0.328,126.049,4.0,"['canadian contemporary r&b', 'canadian pop', 'pop']"
3j3JGGetYI05XwOMWP3MY4,TWICE,,Ya Llegó la Navidad,20.0,0,False,0.632,0.862,0.0,0.0,1.0,0.0341,0.00448,0.0,0.36,0.415,93.993,4.0,"['latin worship', 'peruvian indie', 'rock cristiano']"
1XJQ7xI6jzcZybuHemxsPP,Hozier,,To Be Alone,60.0,0,False,0.559,0.443,0.0,0.0,0.0,0.0259,0.403,0.000183,0.141,0.264,67.05,3.0,"['irish singer-songwriter', 'modern rock', 'pov: indie']"
4WFWvM4zjMgjQxmP21ezfO,Sabrina Carpenter,,All We Have Is Love,42.0,0,False,0.658,0.699,7.0,0.0,1.0,0.0368,0.499,1.25e-05,0.0692,0.437,129.768,4.0,['pop']
6ECwimRuwOxwQv5VXoN5Mt,Lana Del Rey,,Doin' Time,56.0,0,False,0.622,0.693,7.0,0.0,0.0,0.0434,0.342,0.000708,0.0876,0.446,144.936,4.0,"['art pop', 'pop']"
4M3EDAP3NUwzQDGeeCyzqL,Lana Del Rey,,Million Dollar Man,41.0,0,False,0.2,0.581,3.0,0.0,0.0,0.0462,0.481,0.0,0.0662,0.53,197.098,3.0,"['art pop', 'pop']"
1qLeEu4iXEclkLwoBlMiou,Taylor Swift,,Stay Stay Stay,38.0,0,False,0.729,0.748,0.0,0.0,1.0,0.0245,0.307,1.29e-06,0.09,0.928,99.981,4.0,['pop']
4FoV729rw7IhoKlMZW5K5V,Taylor Swift,,I Know Places - Voice Memo,0.0,0,False,0.592,0.128,9.0,0.0,0.0,0.589,0.829,0.0,0.527,0.15,78.828,4.0,['pop']
5ajpyr32JgFtvW0nzvgva4,BTS,,Iine!Pt.2 - Ano Bashode -,52.0,0,False,0.684,0.717,11.0,0.0,0.0,0.151,0.478,0.0,0.367,0.861,95.039,4.0,"['k-pop', 'k-pop boy group', 'pop']"
1iEvAoG05TQvIed18AUQf7,Lorde,,Homemade Dynamite,23.0,0,False,0.78,0.436,10.0,0.0,1.0,0.0614,0.301,1.52e-05,0.097,0.242,107.016,4.0,"['art pop', 'metropopolis', 'nz pop', 'pop']"
32G6qOwK5SuBEA9D6pth34,Hozier,,To Be Alone,45.0,0,False,0.576,0.443,0.0,0.0,0.0,0.0255,0.402,0.000183,0.141,0.258,67.048,3.0,"['irish singer-songwriter', 'modern rock', 'pov: indie']"
2IKJtXeR5UsaUjZB46fTOK,Ariana Grande,,six thirty,55.0,0,False,0.739,0.516,0.0,0.0,1.0,0.0539,0.67,0.0,0.151,0.434,120.109,4.0,['pop']
11UOOhOsF9Ki1nvEC3PZ37,Mitski,,Dan the Dancer,56.0,0,False,0.407,0.689,8.0,0.0,1.0,0.0401,0.000161,0.243,0.503,0.648,74.783,3.0,"['brooklyn indie', 'pov: indie']"
6utQlfLooYsUkq5xUg3vxt,The Weeknd,,Nothing Compares - Bonus Track,59.0,0,False,0.532,0.577,1.0,0.0,1.0,0.0352,0.00253,0.0437,0.234,0.0397,131.922,4.0,"['canadian contemporary r&b', 'canadian pop', 'pop']"
1FRF7olkTDWPwHf5JwYudq,Taylor Swift,,invisible string - the long pond studio sessions,27.0,0,False,0.59,0.282,7.0,0.0,1.0,0.0281,0.942,4.85e-06,0.11,0.351,83.438,4.0,['pop']
6nzGLhRPjVjGHh0Cya2m8Z,Arctic Monkeys,,Black Treacle,0.0,0,False,0.353,0.885,7.0,0.0,1.0,0.0622,0.000784,0.0,0.0949,0.531,100.413,4.0,"['garage rock', 'modern rock', 'permanent wave', 'rock', 'sheffield indie']"
6fboMBmKadFSFHlyA2LjF1,Arctic Monkeys,,Despair In The Departure Lounge,0.0,0,False,0.455,0.294,2.0,0.0,1.0,0.0391,0.632,0.00295,0.0843,0.288,128.438,4.0,"['garage rock', 'modern rock', 'permanent wave', 'rock', 'sheffield indie']"
3g50Ix1IrljYD6vx4RiaCo,BTS,,Lost,0.0,0,False,0.506,0.828,0.0,0.0,1.0,0.0618,0.000426,0.0,0.0544,0.475,84.927,4.0,"['k-pop', 'k-pop boy group', 'pop']"
3KQ1KVG2F8qAospksegrmZ,The Weeknd,,Alone Again,41.0,0,False,0.255,0.653,6.0,0.0,0.0,0.0551,0.0337,0.107,0.168,0.058,90.673,5.0,"['canadian contemporary r&b', 'canadian pop', 'pop']"
0453JIwwt6A5swqriaQWcb,Lana Del Rey,,Diet Mountain Dew,52.0,0,False,0.46,0.683,10.0,0.0,0.0,0.0891,0.282,0.0,0.425,0.592,175.743,4.0,"['art pop', 'pop']"
72DnQlaqdNhz9QJZXfYe6L,Sabrina Carpenter,,Hold Tight,44.0,0,False,0.582,0.383,6.0,0.0,1.0,0.195,0.126,0.0,0.25,0.388,135.535,4.0,['pop']
09i5WtpyEswhWwzmucaAVw,Stray Kids,,Boxer,53.0,0,False,0.585,0.903,2.0,0.0,1.0,0.133,0.00716,0.0,0.185,0.462,104.891,4.0,"['k-pop', 'k-pop boy group', 'pop']"
5YsH2FTcm7qqfRw83PcLMd,Lana Del Rey,,Born To Die,0.0,0,False,0.415,0.658,4.0,0.0,0.0,0.0355,0.221,0.000145,0.165,0.356,86.023,4.0,"['art pop', 'pop']"
6ONsOskPONM6DpMcDjNfrF,Taylor Swift,,Lover (feat. Shawn Mendes) - Remix,30.0,0,False,0.445,0.612,7.0,0.0,1.0,0.0703,0.427,0.0,0.218,0.407,205.256,3.0,['pop']
6n54lM5M7lji4DGDoOul8c,Mitski,,Liquid Smooth - Audiotree Live Version,51.0,0,False,0.31,0.188,10.0,0.0,1.0,0.0321,0.931,0.000135,0.11,0.158,75.219,4.0,"['brooklyn indie', 'pov: indie']"
2oIDOl0I0nHPi1haUSAdfk,Lorde,,Liability (Reprise),13.0,0,False,0.553,0.281,0.0,0.0,1.0,0.065,0.904,0.0,0.111,0.285,77.671,4.0,"['art pop', 'metropopolis', 'nz pop', 'pop']"
3wRsEmxlh4puMRmeg9ioE6,Hozier,,Work Song,53.0,0,False,0.432,0.388,10.0,0.0,1.0,0.1,0.776,0.0,0.112,0.256,177.549,3.0,"['irish singer-songwriter', 'modern rock', 'pov: indie']"
5LMoKDVzW2kDneNu2UbspP,NewJeans,,Zero,67.0,0,False,0.705,0.653,1.0,0.0,0.0,0.17,0.31,1.46e-05,0.122,0.578,171.932,4.0,"['k-pop', 'k-pop girl group']"
4TXHE0TVqmAMmCRfGurb15,Stray Kids,,Astronaut,51.0,0,False,0.739,0.84,1.0,0.0,0.0,0.104,0.0189,0.0,0.183,0.627,120.05,4.0,"['k-pop', 'k-pop boy group', 'pop']"
4QHAJxzDX0nhraz6bn6Qgn,Arctic Monkeys,,Suck It And See,0.0,0,False,0.339,0.932,4.0,0.0,1.0,0.057,0.00105,0.114,0.255,0.586,128.291,4.0,"['garage rock', 'modern rock', 'permanent wave', 'rock', 'sheffield indie']"
5g7RMU3cV7zXWH244BLe7G,Taylor Swift,,Fearless - Live From Clear Channel Stripped 2008,37.0,0,False,0.623,0.266,5.0,0.0,1.0,0.026,0.814,0.0,0.145,0.467,96.601,4.0,['pop']
6LuvVxHXQDtsPxtE07Ycbe,Stray Kids,,S-Class,60.0,0,False,0.886,0.781,5.0,0.0,0.0,0.333,0.0895,0.0,0.0715,0.672,104.996,4.0,"['k-pop', 'k-pop boy group', 'pop']"
3oZ6cw7ibiuBh6jPSgEvuJ,Sabrina Carpenter,,"Wildside - From ""Adventures in Babysitting""",0.0,0,False,0.767,0.565,6.0,0.0,1.0,0.0408,0.00422,9.92e-05,0.0739,0.767,122.99,4.0,['pop']
6LiJoY2SoXQYe5nSbBHRIt,Lana Del Rey,,Cinnamon Girl,0.0,0,False,0.294,0.337,6.0,0.0,0.0,0.036,0.814,0.414,0.14,0.135,91.781,5.0,"['art pop', 'pop']"
5KfbFCacFuNJGdK2zvovcF,TWICE,,TT,0.0,0,False,0.708,0.853,2.0,0.0,1.0,0.0844,0.0525,0.000173,0.399,0.399,129.946,4.0,"['k-pop', 'k-pop girl group', 'pop']"
1fWHv2gMrEGfBnBvio4yEp,The Weeknd,,The Morning,3.0,0,False,0.652,0.549,6.0,0.0,0.0,0.039,0.317,0.0,0.104,0.186,120.073,4.0,unknown
1YqPDOmooQQIXsRSdbRrwI,Sabrina Carpenter,,Bad Time,46.0,0,False,0.667,0.536,0.0,0.0,1.0,0.0623,0.243,0.0,0.566,0.693,82.964,4.0,unknown
5Ja8ZlVexmTQKbWAQgZ3f0,Dua Lipa,,We're Good - Dillon Francis Remix,41.0,0,False,0.786,0.747,8.0,0.0,0.0,0.0614,0.0464,0.00415,0.0668,0.471,125.057,4.0,unknown
1hg4cx4qaqWwDkBApYL8qG,The Weeknd,,Missed You - Bonus Track,0.0,0,False,0.716,0.364,5.0,0.0,0.0,0.0866,0.107,9.23e-05,0.113,0.448,151.968,4.0,"['canadian contemporary r&b', 'canadian pop', 'pop']"
1oCyEPXnvytOWS5S9mBE8N,The Weeknd,,Alone Again,48.0,0,False,0.255,0.653,6.0,0.0,0.0,0.0551,0.0337,0.107,0.168,0.058,90.673,5.0,"['canadian contemporary r&b', 'canadian pop', 'pop']"
6byRW2mzuc4nBTZ6TN6APu,Arijit Singh,,"Pasoori Nu (From ""Satyaprem Ki Katha"")",56.0,0,False,0.717,0.666,11.0,0.0,0.0,0.0566,0.45,0.00101,0.111,0.74,95.989,4.0,"['filmi', 'modern bollywood']"
1DVgSXCvkry3HUU6w8kCLd,Ariana Grande,,One Last Time (Attends-Moi),0.0,0,False,0.659,0.656,8.0,0.0,1.0,0.0292,0.0774,1.27e-06,0.189,0.152,125.026,4.0,['pop']
0x9y2S5meCeLvHz6WAGjxu,TWICE,,SIGNAL,0.0,0,False,0.616,0.771,0.0,0.0,1.0,0.33,0.228,0.0,0.12,0.63,207.86,4.0,"['k-pop', 'k-pop girl group', 'pop']"
2OGA4hbUqiAhCQj1pxeNld,Taylor Swift,,White Horse,0.0,0,False,0.587,0.342,0.0,0.0,1.0,0.0257,0.298,0.0,0.106,0.212,92.71,4.0,unknown
0Xe5szsIjDqnY2VwrSUuJ4,Dua Lipa,,Hotter Than Hell - Matoma Remix,40.0,0,False,0.625,0.744,6.0,0.0,1.0,0.0918,0.00479,0.0,0.18,0.49,109.863,4.0,"['dance pop', 'pop', 'uk pop']"
5Ct2PYPUSogyWvbV40k9Bf,Taylor Swift,,Our Song - International Mix,33.0,0,False,0.516,0.696,2.0,0.0,1.0,0.0301,0.00739,1.11e-06,0.354,0.664,177.936,4.0,['pop']
0OTvJXmQPv7SKavoV6td75,Arctic Monkeys,,One For The Road,0.0,0,False,0.415,0.668,0.0,0.0,1.0,0.036,0.212,0.0615,0.27,0.842,180.048,4.0,"['garage rock', 'modern rock', 'permanent wave', 'rock', 'sheffield indie']"
