track_name,artists,spotify_id,release_date,release_date_precision,album_name,recency_score,album_image,preview_url,external_url,spotify_url
Can't Help Falling In Love,Kina Grannis,,2020-01-01,year,Crazy Rich Asians (Original Motion Picture Soundtrack),0.4241,https://is1-ssl.mzstatic.com/image/thumb/Music115/v4/ea/93/91/ea9391c7-f9f6-033f-c97a-66c415032692/794043197215.jpg/600x600bb.jpg,https://audio-ssl.itunes.apple.com/itunes-assets/AudioPreview211/v4/cf/dd/2e/cfdd2e01-c248-6845-daaf-e19b0d2f0577/mzaf_2042819518909429825.plus.aac.p.m4a,https://open.spotify.com/search/Can%27t%20Help%20Falling%20In%20Love%20Kina%20Grannis,https://open.spotify.com/search/Can%27t%20Help%20Falling%20In%20Love%20Kina%20Grannis
Tere Bina,A.R. Rahman;Chinmayi;Murtuza Khan;Qadir Khan,,2020-01-01,year,Guru (Original Motion Picture Soundtrack),0.4241,https://is1-ssl.mzstatic.com/image/thumb/Music211/v4/8d/8c/69/8d8c697e-f108-9e69-0cb1-475b45ab26a8/886970389020.jpg/600x600bb.jpg,https://audio-ssl.itunes.apple.com/itunes-assets/AudioPreview211/v4/23/61/64/236164d3-f330-d526-6045-d975a4be4a64/mzaf_17030153012157637966.plus.aac.p.m4a,https://open.spotify.com/search/Tere%20Bina%20A.R.%20Rahman%3BChinmayi%3BMurtuza%20Khan%3BQadir%20Khan,https://open.spotify.com/search/Tere%20Bina%20A.R.%20Rahman%3BChinmayi%3BMurtuza%20Khan%3BQadir%20Khan
Aaruyire,A.R. Rahman;Chinmayi;Murtuza Khan;Qadir Khan,,2020-01-01,year,Guru (Original Motion Picture Soundtrack) [Tamil Version],0.4241,https://is1-ssl.mzstatic.com/image/thumb/Music113/v4/f0/6f/06/f06f060c-718e-6aee-f0c4-edd195a68c7e/886970656320.jpg/600x600bb.jpg,https://audio-ssl.itunes.apple.com/itunes-assets/AudioPreview221/v4/d9/21/75/d92175ee-33b0-331a-073c-bb34a64853e4/mzaf_7437975728389016320.plus.aac.p.m4a,https://open.spotify.com/search/Aaruyire%20A.R.%20Rahman%3BChinmayi%3BMurtuza%20Khan%3BQadir%20Khan,https://open.spotify.com/search/Aaruyire%20A.R.%20Rahman%3BChinmayi%3BMurtuza%20Khan%3BQadir%20Khan
Mamma Mia,ABBA,2TxCwUlqaOH3TIyJqGgR91,2020-01-01,year,ABBA (Bonus Track Version),0.4241,https://is1-ssl.mzstatic.com/image/thumb/Music125/v4/8a/5d/a4/8a5da415-562c-c7f3-0801-2bd251947ac3/14UMGIM07609.rgb.jpg/600x600bb.jpg,https://audio-ssl.itunes.apple.com/itunes-assets/AudioPreview211/v4/b6/11/b6/b611b634-d2ea-3413-19be-b3c19daddfe5/mzaf_11228048896593074702.plus.aac.p.m4a,https://open.spotify.com/track/2TxCwUlqaOH3TIyJqGgR91,https://open.spotify.com/track/2TxCwUlqaOH3TIyJqGgR91
Sweet Dreams (Are Made of This) - Remastered,Eurythmics;Annie Lennox;Dave Stewart,,2020-01-01,year,Ultimate Collection (Remastered),0.4241,https://is1-ssl.mzstatic.com/image/thumb/Music125/v4/82/46/65/824665ec-aa22-0f93-e511-ba1585978159/mzi.gkkumlce.jpg/600x600bb.jpg,https://audio-ssl.itunes.apple.com/itunes-assets/AudioPreview211/v4/ea/17/68/ea1768a9-6694-726c-822b-b7b8426dd1d9/mzaf_4644512732711988042.plus.aac.p.m4a,https://open.spotify.com/search/Sweet%20Dreams%20%28Are%20Made%20of%20This%29%20-%20Remastered%20Eurythmics%3BAnnie%20Lennox%3BDave%20Stewart,https://open.spotify.com/search/Sweet%20Dreams%20%28Are%20Made%20of%20This%29%20-%20Remastered%20Eurythmics%3BAnnie%20Lennox%3BDave%20Stewart
Late Night Talking,Harry Styles,,2020-01-01,year,Harry's House,0.4241,https://is1-ssl.mzstatic.com/image/thumb/Music126/v4/2a/19/fb/2a19fb85-2f70-9e44-f2a9-82abe679b88e/886449990061.jpg/600x600bb.jpg,https://audio-ssl.itunes.apple.com/itunes-assets/AudioPreview221/v4/e3/a2/04/e3a204b5-c3f6-f49d-a97c-4472f8b045d7/mzaf_18322387550227682410.plus.aac.p.m4a,https://open.spotify.com/search/Late%20Night%20Talking%20Harry%20Styles,https://open.spotify.com/search/Late%20Night%20Talking%20Harry%20Styles
Kovakkara Kiliye,Yuvan Shankar Raja;Tippu;Sujatha,,2020-01-01,year,Vel - EP,0.4241,https://is1-ssl.mzstatic.com/image/thumb/Music123/v4/61/a4/54/61a4549e-91c2-2dec-69bd-3d7efee2f91f/886443228870.jpg/600x600bb.jpg,https://audio-ssl.itunes.apple.com/itunes-assets/AudioPreview211/v4/21/0f/1a/210f1a72-d7dd-429b-f2b6-8e15cbd41dfa/mzaf_14032324917305868738.plus.aac.p.m4a,https://open.spotify.com/search/Kovakkara%20Kiliye%20Yuvan%20Shankar%20Raja%3BTippu%3BSujatha,https://open.spotify.com/search/Kovakkara%20Kiliye%20Yuvan%20Shankar%20Raja%3BTippu%3BSujatha
Stay Stay Stay,Taylor Swift,,2020-01-01,year,Red,0.4241,https://is1-ssl.mzstatic.com/image/thumb/Music221/v4/25/0d/7e/250d7e42-3a2f-19ac-f865-f1e04a4a1f97/12UMDIM01007.rgb.jpg/600x600bb.jpg,https://audio-ssl.itunes.apple.com/itunes-assets/AudioPreview221/v4/87/77/68/877768ed-dc3a-b970-301c-829dd3ff7bd4/mzaf_2663189349002115754.plus.aac.p.m4a,https://open.spotify.com/search/Stay%20Stay%20Stay%20Taylor%20Swift,https://open.spotify.com/search/Stay%20Stay%20Stay%20Taylor%20Swift
Picture To Burn,Taylor Swift,,2020-01-01,year,Taylor Swift (Bonus Track Version),0.4241,https://is1-ssl.mzstatic.com/image/thumb/Music221/v4/be/e1/48/bee148d6-d16c-d8f7-0173-d6cf6d684aa1/08PNDIM00678.rgb.jpg/600x600bb.jpg,https://audio-ssl.itunes.apple.com/itunes-assets/AudioPreview211/v4/d0/47/2a/d0472a19-d67e-b27c-8d50-78e9c7c07def/mzaf_4204387521125771075.plus.aac.p.m4a,https://open.spotify.com/search/Picture%20To%20Burn%20Taylor%20Swift,https://open.spotify.com/search/Picture%20To%20Burn%20Taylor%20Swift
Hey Stephen (Taylor's Version),Taylor Swift,,2020-01-01,year,Fearless (Taylor's Version),0.4241,https://is1-ssl.mzstatic.com/image/thumb/Music125/v4/c3/d0/1c/c3d01c88-73e7-187e-fd62-e1744de979a6/21UMGIM09915.rgb.jpg/600x600bb.jpg,https://audio-ssl.itunes.apple.com/itunes-assets/AudioPreview221/v4/4d/89/d0/4d89d09d-be45-41f6-be0c-029c60b46837/mzaf_9256638291005429053.plus.aac.p.m4a,https://open.spotify.com/search/Hey%20Stephen%20%28Taylor%27s%20Version%29%20Taylor%20Swift,https://open.spotify.com/search/Hey%20Stephen%20%28Taylor%27s%20Version%29%20Taylor%20Swift
Paper Rings,Taylor Swift,,2020-01-01,year,Lover,0.4241,https://is1-ssl.mzstatic.com/image/thumb/Music125/v4/49/3d/ab/493dab54-f920-9043-6181-80993b8116c9/19UMGIM53909.rgb.jpg/600x600bb.jpg,https://audio-ssl.itunes.apple.com/itunes-assets/AudioPreview221/v4/05/2d/b7/052db7e1-e5cf-bfba-c309-9b3e31edeb37/mzaf_11390896675529863162.plus.aac.p.m4a,https://open.spotify.com/search/Paper%20Rings%20Taylor%20Swift,https://open.spotify.com/search/Paper%20Rings%20Taylor%20Swift
Stay Stay Stay (Taylor's Version),Taylor Swift,,2020-01-01,year,Red (Taylor’s Version) [+ A Message from Taylor],0.4241,https://is1-ssl.mzstatic.com/image/thumb/Music115/v4/15/38/9b/15389bf4-8074-06c3-11ee-655b5453af68/21UM1IM25046.rgb.jpg/600x600bb.jpg,https://audio-ssl.itunes.apple.com/itunes-assets/AudioPreview221/v4/f8/99/30/f89930ef-716b-fb3e-fbe5-fdd4eadaadc0/mzaf_16516745752469972507.plus.aac.p.m4a,https://open.spotify.com/search/Stay%20Stay%20Stay%20%28Taylor%27s%20Version%29%20Taylor%20Swift,https://open.spotify.com/search/Stay%20Stay%20Stay%20%28Taylor%27s%20Version%29%20Taylor%20Swift
O Casamento de Doralice,Os Serranos,,2020-01-01,year,"OS SERRANOS: INTERPRETAM SUCESSOS GAÚCHOS, VOL. 3",0.4241,https://is1-ssl.mzstatic.com/image/thumb/Music211/v4/5e/32/c3/5e32c34a-3d0a-f1d9-e48b-fb364892833f/7897086109757.png/600x600bb.jpg,https://audio-ssl.itunes.apple.com/itunes-assets/AudioPreview221/v4/8d/6e/44/8d6e44d5-9edc-3c69-e956-b753074ec934/mzaf_15758759991870260558.plus.aac.p.m4a,https://open.spotify.com/search/O%20Casamento%20de%20Doralice%20Os%20Serranos,https://open.spotify.com/search/O%20Casamento%20de%20Doralice%20Os%20Serranos
"Rangarattinam - From ""Natchathiram Nagargiradhu""",Tenma;M.S Krsna;Gana Muthu;Sangita Santhosham;Kavitha Gopi;Karthik Manickavasakam;Arivu,,2020-01-01,year,Natchathiram Nagargirathu (Original Motion Picture Soundtrack),0.4241,https://is1-ssl.mzstatic.com/image/thumb/Music112/v4/4c/3f/17/4c3f1700-1368-5e7e-3b57-68562c5ef537/cover.jpg/600x600bb.jpg,https://audio-ssl.itunes.apple.com/itunes-assets/AudioPreview112/v4/ee/e4/22/eee422a2-7068-135f-a36e-a36911414326/mzaf_12970166974129548958.plus.aac.p.m4a,https://open.spotify.com/search/Rangarattinam%20-%20From%20%22Natchathiram%20Nagargiradhu%22%20Tenma%3BM.S%20Krsna%3BGana%20Muthu%3BSangita%20Santhosham%3BKavitha%20Gopi%3BKarthik%20Manickavasakam%3BArivu,https://open.spotify.com/search/Rangarattinam%20-%20From%20%22Natchathiram%20Nagargiradhu%22%20Tenma%3BM.S%20Krsna%3BGana%20Muthu%3BSangita%20Santhosham%3BKavitha%20Gopi%3BKarthik%20Manickavasakam%3BArivu
Rangarattinam,Tenma;M.S Krsna;Gana Muthu;Sangita Santhosham;Kavitha Gopi;Karthik Manickavasakam;Arivu,,2020-01-01,year,Natchathiram Nagargirathu (Original Motion Picture Soundtrack),0.4241,https://is1-ssl.mzstatic.com/image/thumb/Music112/v4/4c/3f/17/4c3f1700-1368-5e7e-3b57-68562c5ef537/cover.jpg/600x600bb.jpg,https://audio-ssl.itunes.apple.com/itunes-assets/AudioPreview112/v4/ee/e4/22/eee422a2-7068-135f-a36e-a36911414326/mzaf_12970166974129548958.plus.aac.p.m4a,https://open.spotify.com/search/Rangarattinam%20Tenma%3BM.S%20Krsna%3BGana%20Muthu%3BSangita%20Santhosham%3BKavitha%20Gopi%3BKarthik%20Manickavasakam%3BArivu,https://open.spotify.com/search/Rangarattinam%20Tenma%3BM.S%20Krsna%3BGana%20Muthu%3BSangita%20Santhosham%3BKavitha%20Gopi%3BKarthik%20Manickavasakam%3BArivu
I'm Toxic,Khantrast,,2020-01-01,year,I'm Toxic - Single,0.4241,https://is1-ssl.mzstatic.com/image/thumb/Music114/v4/96/fb/b8/96fbb85b-f485-62d4-3e1c-a37c7f7c0414/0885014117384.png/600x600bb.jpg,https://audio-ssl.itunes.apple.com/itunes-assets/AudioPreview124/v4/05/76/f3/0576f3a7-09d9-8c29-3993-46f34cf512b2/mzaf_8615655094170739898.plus.aac.p.m4a,https://open.spotify.com/track/nan,https://open.spotify.com/track/nan
exile (feat. Bon Iver),Taylor Swift,,2020-01-01,year,folklore,0.4241,https://is1-ssl.mzstatic.com/image/thumb/Music125/v4/7c/04/ba/7c04ba17-2ff8-21b3-0ac0-7d141f86e924/20UMGIM64216.rgb.jpg/600x600bb.jpg,https://audio-ssl.itunes.apple.com/itunes-assets/AudioPreview221/v4/f3/93/21/f39321dd-1b44-9b1f-ea08-43b59b0f9b8d/mzaf_12042970116247874886.plus.aac.p.m4a,https://open.spotify.com/search/exile%20%28feat.%20Bon%20Iver%29%20Taylor%20Swift,https://open.spotify.com/search/exile%20%28feat.%20Bon%20Iver%29%20Taylor%20Swift
the lakes - bonus track,Taylor Swift,,2020-01-01,year,folklore (deluxe version),0.4241,https://is1-ssl.mzstatic.com/image/thumb/Music115/v4/b5/80/dc/b580dca0-349d-036b-e09b-bd849f6affd8/20UMGIM64216.rgb.jpg/600x600bb.jpg,https://audio-ssl.itunes.apple.com/itunes-assets/AudioPreview221/v4/71/13/c7/7113c7f9-4e98-279d-19f8-50724602f06b/mzaf_12612359597722244878.plus.aac.p.m4a,https://open.spotify.com/search/the%20lakes%20-%20bonus%20track%20Taylor%20Swift,https://open.spotify.com/search/the%20lakes%20-%20bonus%20track%20Taylor%20Swift
exile (feat. Bon Iver) - the long pond studio sessions,Taylor Swift,,2020-01-01,year,folklore: the long pond studio sessions (from the Disney+ special) [deluxe edition],0.4241,https://is1-ssl.mzstatic.com/image/thumb/Music114/v4/dd/6a/2f/dd6a2fec-2476-b44a-f2cc-8a2736143d8c/20UM1IM08851.rgb.jpg/600x600bb.jpg,https://audio-ssl.itunes.apple.com/itunes-assets/AudioPreview221/v4/1e/8e/72/1e8e7239-fb9d-5f2f-abe4-58e5c43d04db/mzaf_15533702465031931060.plus.aac.p.m4a,https://open.spotify.com/search/exile%20%28feat.%20Bon%20Iver%29%20-%20the%20long%20pond%20studio%20sessions%20Taylor%20Swift,https://open.spotify.com/search/exile%20%28feat.%20Bon%20Iver%29%20-%20the%20long%20pond%20studio%20sessions%20Taylor%20Swift
Safe & Sound - from The Hunger Games Soundtrack,Taylor Swift,,2020-01-01,year,The Hunger Games (Songs from District 12 and Beyond),0.4241,https://is1-ssl.mzstatic.com/image/thumb/Music124/v4/41/22/0e/41220e16-ceb6-a7a3-a0c6-32b75fdce125/00602527969206.rgb.jpg/600x600bb.jpg,https://audio-ssl.itunes.apple.com/itunes-assets/AudioPreview221/v4/b5/cf/51/b5cf5150-3c95-7a95-2d8f-04a21588a1e9/mzaf_8460442792190902345.plus.aac.p.m4a,https://open.spotify.com/search/Safe%20%26%20Sound%20-%20from%20The%20Hunger%20Games%20Soundtrack%20Taylor%20Swift,https://open.spotify.com/search/Safe%20%26%20Sound%20-%20from%20The%20Hunger%20Games%20Soundtrack%20Taylor%20Swift
Invisible,Taylor Swift,,2020-01-01,year,Taylor Swift (Bonus Track Version),0.4241,https://is1-ssl.mzstatic.com/image/thumb/Music221/v4/be/e1/48/bee148d6-d16c-d8f7-0173-d6cf6d684aa1/08PNDIM00678.rgb.jpg/600x600bb.jpg,https://audio-ssl.itunes.apple.com/itunes-assets/AudioPreview221/v4/77/fd/8f/77fd8faf-c813-4add-4586-b231aaebe917/mzaf_6050069932907984174.plus.aac.p.m4a,https://open.spotify.com/search/Invisible%20Taylor%20Swift,https://open.spotify.com/search/Invisible%20Taylor%20Swift
The Enemy,Andrew Belle,,2020-01-01,year,Black Bear,0.4241,https://is1-ssl.mzstatic.com/image/thumb/Music126/v4/46/09/8a/46098a48-d406-7097-1068-ad4f25fc675e/859718139744_cover.jpg/600x600bb.jpg,https://audio-ssl.itunes.apple.com/itunes-assets/AudioPreview221/v4/aa/28/1e/aa281ee7-39e8-0152-8ada-6f2ee23a9e76/mzaf_8811665817260372545.plus.aac.p.m4a,https://open.spotify.com/search/The%20Enemy%20Andrew%20Belle,https://open.spotify.com/search/The%20Enemy%20Andrew%20Belle
Lighthouse,Mike Perry;Hot Shade;René Miller,,2020-01-01,year,Lighthouse (feat. Renè Miller) - Single,0.4241,https://is1-ssl.mzstatic.com/image/thumb/Music128/v4/d7/b5/58/d7b5580f-478b-5018-986b-a8732c8d1f47/859729603869_cover.jpg/600x600bb.jpg,https://audio-ssl.itunes.apple.com/itunes-assets/AudioPreview125/v4/3c/5c/af/3c5cafee-b225-9e83-fc90-72fa7f9cca11/mzaf_15153256190974698762.plus.aac.p.m4a,https://open.spotify.com/search/Lighthouse%20Mike%20Perry%3BHot%20Shade%3BRen%C3%A9%20Miller,https://open.spotify.com/search/Lighthouse%20Mike%20Perry%3BHot%20Shade%3BRen%C3%A9%20Miller
Hear My Call (feat. Tyler Graves),Trivecta;Gem & Tauri;Tyler Graves,,2020-01-01,year,Hear My Call (feat. Tyler Graves) - Single,0.4241,https://is1-ssl.mzstatic.com/image/thumb/Music221/v4/b2/53/5b/b2535b13-6529-bd1c-ea50-f8a0a13bdb02/5039060669198.jpg/600x600bb.jpg,https://audio-ssl.itunes.apple.com/itunes-assets/AudioPreview221/v4/f4/fb/4d/f4fb4d79-ab58-20ae-94b4-b105d6ad25c8/mzaf_7267477390540883507.plus.aac.p.m4a,https://open.spotify.com/search/Hear%20My%20Call%20%28feat.%20Tyler%20Graves%29%20Trivecta%3BGem%20%26%20Tauri%3BTyler%20Graves,https://open.spotify.com/search/Hear%20My%20Call%20%28feat.%20Tyler%20Graves%29%20Trivecta%3BGem%20%26%20Tauri%3BTyler%20Graves
Like Home - Radio Edit,Nicky Romero;NERVO,,2020-01-01,year,Like Home - EP,0.4241,https://is1-ssl.mzstatic.com/image/thumb/Music221/v4/8b/c9/71/8bc971fe-09dc-7451-01db-5d3dac1c42d6/5060211501302.png/600x600bb.jpg,https://audio-ssl.itunes.apple.com/itunes-assets/AudioPreview211/v4/78/e9/6a/78e96a3a-9e68-4e67-c9a8-2e0e314b12e5/mzaf_275209975622154220.plus.aac.p.m4a,https://open.spotify.com/search/Like%20Home%20-%20Radio%20Edit%20Nicky%20Romero%3BNERVO,https://open.spotify.com/search/Like%20Home%20-%20Radio%20Edit%20Nicky%20Romero%3BNERVO
Çiçeklerde Bir Telaş Var - Remix,No.1,,2020-01-01,year,UN-UN,0.4241,https://is1-ssl.mzstatic.com/image/thumb/Music211/v4/ca/43/9d/ca439d8a-b57c-ceec-2779-260c94e77efa/4538182969991.png/600x600bb.jpg,https://audio-ssl.itunes.apple.com/itunes-assets/AudioPreview211/v4/59/24/8c/59248c89-7e35-7877-1aa1-5c5f58431d61/mzaf_15204672165742043831.plus.aac.p.m4a,https://open.spotify.com/search/%C3%87i%C3%A7eklerde%20Bir%20Tela%C5%9F%20Var%20-%20Remix%20No.1,https://open.spotify.com/search/%C3%87i%C3%A7eklerde%20Bir%20Tela%C5%9F%20Var%20-%20Remix%20No.1
The Moment,Kenny G,,2020-01-01,year,The Moment,0.4241,https://is1-ssl.mzstatic.com/image/thumb/Music125/v4/37/b8/97/37b89765-3b87-ab59-aa29-faf573aa4b41/mzi.fubdwioq.jpg/600x600bb.jpg,https://audio-ssl.itunes.apple.com/itunes-assets/AudioPreview221/v4/45/9e/21/459e2134-2741-0dc7-bc02-33b7ac577a9d/mzaf_9369628981391811012.plus.aac.p.m4a,https://open.spotify.com/search/The%20Moment%20Kenny%20G,https://open.spotify.com/search/The%20Moment%20Kenny%20G
Miserere - Live,Luciano Pavarotti;Zucchero,,2020-01-01,year,Pavarotti - The Greatest Hits,0.4241,https://is1-ssl.mzstatic.com/image/thumb/Music114/v4/2e/7b/9c/2e7b9c05-38bb-27ca-9fd0-895c5a9fcea3/19UMGIM40152.rgb.jpg/600x600bb.jpg,https://audio-ssl.itunes.apple.com/itunes-assets/AudioPreview211/v4/68/da/94/68da945b-5fd0-bf1e-edfa-612d1ccc9801/mzaf_1900696865978856985.plus.aac.p.m4a,https://open.spotify.com/search/Miserere%20-%20Live%20Luciano%20Pavarotti%3BZucchero,https://open.spotify.com/search/Miserere%20-%20Live%20Luciano%20Pavarotti%3BZucchero
Be Still My Soul (In You I Rest),Kari Jobe,,2020-01-01,year,Be Still My Soul (In You I Rest) - Single,0.4241,https://is1-ssl.mzstatic.com/image/thumb/Music4/v4/d2/f1/8f/d2f18fb7-2271-3620-e5ac-4e25091460df/05099998433353.jpg/600x600bb.jpg,https://audio-ssl.itunes.apple.com/itunes-assets/AudioPreview115/v4/c2/18/bf/c218bf1c-d1c9-3a1c-bfba-1d469db4bf04/mzaf_2454100391464926148.plus.aac.p.m4a,https://open.spotify.com/search/Be%20Still%20My%20Soul%20%28In%20You%20I%20Rest%29%20Kari%20Jobe,https://open.spotify.com/search/Be%20Still%20My%20Soul%20%28In%20You%20I%20Rest%29%20Kari%20Jobe
Bone Jodi Phutlo Kusum,Anupam Roy,,2020-01-01,year,Bone Jodi Phutlo Kusum - Single,0.4241,https://is1-ssl.mzstatic.com/image/thumb/Music125/v4/77/53/3b/77533b00-6f5d-7200-9b2a-4c75d9b685a8/cover.jpg/600x600bb.jpg,https://audio-ssl.itunes.apple.com/itunes-assets/AudioPreview115/v4/cf/61/5f/cf615faf-7d6c-d0cd-f675-8db2a1291fc6/mzaf_10451550834735599348.plus.aac.p.m4a,https://open.spotify.com/search/Bone%20Jodi%20Phutlo%20Kusum%20Anupam%20Roy,https://open.spotify.com/search/Bone%20Jodi%20Phutlo%20Kusum%20Anupam%20Roy
A Thousand Years (feat. Steve Kazee) - Pt. 2; The Twilight Saga: Breaking Dawn Soundtrack,Christina Perri;Steve Kazee,,2020-01-01,year,The Twilight Saga: Breaking Dawn - Pt. 1 (Original Motion Picture Soundtrack),0.4241,https://is1-ssl.mzstatic.com/image/thumb/Music124/v4/c9/6e/21/c96e2143-8f84-2ea5-0528-37205f7d5c6d/mzi.jdvbfvnj.jpg/600x600bb.jpg,https://audio-ssl.itunes.apple.com/itunes-assets/AudioPreview211/v4/2b/8d/27/2b8d2799-1d11-54dd-b365-55249fae29af/mzaf_7238774573055986625.plus.aac.p.m4a,https://open.spotify.com/search/A%20Thousand%20Years%20%28feat.%20Steve%20Kazee%29%20-%20Pt.%202%3B%20The%20Twilight%20Saga%3A%20Breaking%20Dawn%20Soundtrack%20Christina%20Perri%3BSteve%20Kazee,https://open.spotify.com/search/A%20Thousand%20Years%20%28feat.%20Steve%20Kazee%29%20-%20Pt.%202%3B%20The%20Twilight%20Saga%3A%20Breaking%20Dawn%20Soundtrack%20Christina%20Perri%3BSteve%20Kazee
Vou Deixar na Cruz,Cassiane,,2020-01-01,year,Não Posso Desistir - EP,0.4239,https://is1-ssl.mzstatic.com/image/thumb/Music112/v4/ee/d5/19/eed519e9-5f35-720b-31f1-c94a10ec28cc/Nao_Posso_Desistir_Copy.jpg/600x600bb.jpg,https://audio-ssl.itunes.apple.com/itunes-assets/AudioPreview122/v4/f8/18/80/f81880d8-7514-47fc-0878-ccf3c9e81b5e/mzaf_3110742452900009193.plus.aac.p.m4a,https://open.spotify.com/search/Vou%20Deixar%20na%20Cruz%20Cassiane,https://open.spotify.com/search/Vou%20Deixar%20na%20Cruz%20Cassiane
Ennodu Nee Irundhaal,A.R. Rahman;Sid Sriram;Sunitha Sarathy,,2020-01-01,year,I (Original Motion Picture Soundtrack),0.4239,https://is1-ssl.mzstatic.com/image/thumb/Music124/v4/13/7c/8e/137c8ec0-3d24-e09b-fd29-50a0773bf9f4/886444840590.jpg/600x600bb.jpg,https://audio-ssl.itunes.apple.com/itunes-assets/AudioPreview211/v4/f4/91/a7/f491a7f0-a998-a156-f7eb-a961e4083648/mzaf_16764182910405484626.plus.aac.p.m4a,https://open.spotify.com/search/Ennodu%20Nee%20Irundhaal%20A.R.%20Rahman%3BSid%20Sriram%3BSunitha%20Sarathy,https://open.spotify.com/search/Ennodu%20Nee%20Irundhaal%20A.R.%20Rahman%3BSid%20Sriram%3BSunitha%20Sarathy
Alvida,Pritam;KK,,2020-01-01,year,Life In a Metro (Original Motion Picture Soundtrack),0.4239,https://is1-ssl.mzstatic.com/image/thumb/Music124/v4/91/38/c3/9138c3d7-941c-3298-49c4-1286f4216bbc/888880945457.jpg/600x600bb.jpg,https://audio-ssl.itunes.apple.com/itunes-assets/AudioPreview211/v4/82/9f/6a/829f6ace-103a-bafd-283e-11f6ab87f7c9/mzaf_5648719144770705200.plus.aac.p.m4a,https://open.spotify.com/search/Alvida%20Pritam%3BKK,https://open.spotify.com/search/Alvida%20Pritam%3BKK
Dos Amantes,Cristian,,2020-01-01,year,Azul,0.4239,https://is1-ssl.mzstatic.com/image/thumb/Music/c7/b7/12/mzi.bipbjtqn.jpg/600x600bb.jpg,https://audio-ssl.itunes.apple.com/itunes-assets/AudioPreview211/v4/b6/b0/6f/b6b06f19-a48d-3262-f329-813ac2d88670/mzaf_8185439394031501148.plus.aac.p.m4a,https://open.spotify.com/search/Dos%20Amantes%20Cristian,https://open.spotify.com/search/Dos%20Amantes%20Cristian
Miracle,Jor'dan Armstrong;Lowell Pye,,2020-01-01,year,Blsd (Deluxe),0.4239,https://is1-ssl.mzstatic.com/image/thumb/Music118/v4/4d/b1/06/4db1066a-73dc-63b2-757c-e146ef08231a/859728331824_cover.jpg/600x600bb.jpg,https://audio-ssl.itunes.apple.com/itunes-assets/AudioPreview115/v4/73/fd/d0/73fdd0cb-9a64-a5cc-6418-f2ea9e9e5b9c/mzaf_6979802051372398842.plus.aac.p.m4a,https://open.spotify.com/search/Miracle%20Jor%27dan%20Armstrong%3BLowell%20Pye,https://open.spotify.com/search/Miracle%20Jor%27dan%20Armstrong%3BLowell%20Pye
Video Games,Lana Del Rey,,2020-01-01,year,Born To Die,0.4239,https://is1-ssl.mzstatic.com/image/thumb/Music211/v4/59/10/66/591066ea-3c85-3dfe-ef82-ffdbbcdfc8b9/12UMGIM00033.rgb.jpg/600x600bb.jpg,https://audio-ssl.itunes.apple.com/itunes-assets/AudioPreview211/v4/67/07/50/670750ec-42f9-fcf2-feef-9c4faa873ce8/mzaf_16864780503903222714.plus.aac.p.m4a,https://open.spotify.com/search/Video%20Games%20Lana%20Del%20Rey,https://open.spotify.com/search/Video%20Games%20Lana%20Del%20Rey
Blue Velvet,Lana Del Rey,,2020-01-01,year,Paradise,0.4239,https://is1-ssl.mzstatic.com/image/thumb/Music125/v4/8e/9b/17/8e9b179c-b2de-4764-13d4-6cc2a134f124/00602537181506.rgb.jpg/600x600bb.jpg,https://audio-ssl.itunes.apple.com/itunes-assets/AudioPreview211/v4/34/68/39/346839a7-6c2c-aab7-133d-e69d5055d898/mzaf_679630652222368159.plus.aac.p.m4a,https://open.spotify.com/search/Blue%20Velvet%20Lana%20Del%20Rey,https://open.spotify.com/search/Blue%20Velvet%20Lana%20Del%20Rey
Heroin,Lana Del Rey,,2020-01-01,year,Honeymoon,0.4239,https://is1-ssl.mzstatic.com/image/thumb/Music126/v4/a2/e1/35/a2e1350a-c739-dc75-93f5-b3e8b33d7d7e/15UMGIM44419.rgb.jpg/600x600bb.jpg,https://audio-ssl.itunes.apple.com/itunes-assets/AudioPreview221/v4/4a/eb/79/4aeb79f3-082f-db52-3c5f-ce8011bcfc04/mzaf_7046295694749755255.plus.aac.p.m4a,https://open.spotify.com/search/Heroin%20Lana%20Del%20Rey,https://open.spotify.com/search/Heroin%20Lana%20Del%20Rey
Cinnamon Girl,Lana Del Rey,,2020-01-01,year,Norman Fucking Rockwell!,0.4239,https://is1-ssl.mzstatic.com/image/thumb/Music126/v4/c6/5f/b9/c65fb9eb-da2f-89a9-b640-2fff1fc3a660/19UMGIM61350.rgb.jpg/600x600bb.jpg,https://audio-ssl.itunes.apple.com/itunes-assets/AudioPreview211/v4/80/61/6d/80616d56-8057-743f-b1d5-40c6926b1ad0/mzaf_15310435543583230596.plus.aac.p.m4a,https://open.spotify.com/search/Cinnamon%20Girl%20Lana%20Del%20Rey,https://open.spotify.com/search/Cinnamon%20Girl%20Lana%20Del%20Rey
Buddy's Rendezvous,Lana Del Rey,,2020-01-01,year,Buddy's Rendezvous - Single,0.4239,https://is1-ssl.mzstatic.com/image/thumb/Music122/v4/f5/e2/95/f5e295da-8bbc-d8e6-9904-d806b637dc2c/098787145564.png/600x600bb.jpg,https://audio-ssl.itunes.apple.com/itunes-assets/AudioPreview211/v4/92/3b/a6/923ba624-9d91-4ace-d4fc-357d3721b8a3/mzaf_2391182869896688485.plus.aac.p.m4a,https://open.spotify.com/search/Buddy%27s%20Rendezvous%20Lana%20Del%20Rey,https://open.spotify.com/search/Buddy%27s%20Rendezvous%20Lana%20Del%20Rey
traitor,Olivia Rodrigo,,2020-01-01,year,SOUR,0.4239,https://is1-ssl.mzstatic.com/image/thumb/Music125/v4/33/fd/32/33fd32b1-0e43-9b4a-8ed6-19643f23544e/21UMGIM26092.rgb.jpg/600x600bb.jpg,https://audio-ssl.itunes.apple.com/itunes-assets/AudioPreview221/v4/4f/ae/6c/4fae6c93-6bb3-d320-00bf-f32310705b3f/mzaf_16796881619991035581.plus.aac.p.m4a,https://open.spotify.com/search/traitor%20Olivia%20Rodrigo,https://open.spotify.com/search/traitor%20Olivia%20Rodrigo
happier,Olivia Rodrigo,,2020-01-01,year,SOUR,0.4239,https://is1-ssl.mzstatic.com/image/thumb/Music115/v4/02/ed/8c/02ed8cab-c089-2fdd-7ce6-ab334a9a4e19/21UMGIM26093.rgb.jpg/600x600bb.jpg,https://audio-ssl.itunes.apple.com/itunes-assets/AudioPreview211/v4/4d/17/85/4d17858d-b001-d33c-1c25-6761b3286540/mzaf_7847579171692049058.plus.aac.p.m4a,https://open.spotify.com/search/happier%20Olivia%20Rodrigo,https://open.spotify.com/search/happier%20Olivia%20Rodrigo
teenage dream,Olivia Rodrigo,,2020-01-01,year,GUTS,0.4239,https://is1-ssl.mzstatic.com/image/thumb/Music116/v4/9e/0d/17/9e0d17e0-c068-fbd9-fd85-610cc87c86aa/23UMGIM71511.rgb.jpg/600x600bb.jpg,https://audio-ssl.itunes.apple.com/itunes-assets/AudioPreview221/v4/41/35/92/413592df-8abd-740f-b5f6-9c8502829716/mzaf_16191369751081394305.plus.aac.p.m4a,https://open.spotify.com/search/teenage%20dream%20Olivia%20Rodrigo,https://open.spotify.com/search/teenage%20dream%20Olivia%20Rodrigo
"Wondering - From ""High School Musical: The Musical: The Series""",Olivia Rodrigo,,2020-01-01,year,High School Musical: The Musical: The Series (Music from the Disney+ Original Series),0.4239,https://is1-ssl.mzstatic.com/image/thumb/Music125/v4/17/df/2f/17df2ffe-56ff-a168-9f9b-82a045bf12c3/19UMGIM96294.rgb.jpg/600x600bb.jpg,https://audio-ssl.itunes.apple.com/itunes-assets/AudioPreview221/v4/50/29/dd/5029dd19-bfa2-e314-2213-8f1e324e22a1/mzaf_4529839595654355007.plus.aac.p.m4a,https://open.spotify.com/search/Wondering%20-%20From%20%22High%20School%20Musical%3A%20The%20Musical%3A%20The%20Series%22%20Olivia%20Rodrigo,https://open.spotify.com/search/Wondering%20-%20From%20%22High%20School%20Musical%3A%20The%20Musical%3A%20The%20Series%22%20Olivia%20Rodrigo
drivers license,Olivia Rodrigo,,2020-01-01,year,SOUR,0.4239,https://is1-ssl.mzstatic.com/image/thumb/Music115/v4/02/ed/8c/02ed8cab-c089-2fdd-7ce6-ab334a9a4e19/21UMGIM26093.rgb.jpg/600x600bb.jpg,https://audio-ssl.itunes.apple.com/itunes-assets/AudioPreview221/v4/36/62/61/366261be-0996-d73d-de6f-03417867c800/mzaf_8201528327761821135.plus.aac.p.m4a,https://open.spotify.com/search/drivers%20license%20Olivia%20Rodrigo,https://open.spotify.com/search/drivers%20license%20Olivia%20Rodrigo
Burst Open,HDMIRROR,,2020-01-01,year,In Ribbons,0.4239,https://is1-ssl.mzstatic.com/image/thumb/Music116/v4/9a/b2/e0/9ab2e0d7-8ff9-38d6-0acb-fff274569997/652637200485.png/600x600bb.jpg,https://audio-ssl.itunes.apple.com/itunes-assets/AudioPreview115/v4/cf/b2/33/cfb233e7-0aa2-39ee-3804-fe2479295aee/mzaf_6269742388626622922.plus.aac.p.m4a,https://open.spotify.com/search/Burst%20Open%20HDMIRROR,https://open.spotify.com/search/Burst%20Open%20HDMIRROR
相逢在雨中,Leon Lai,,2020-01-01,year,復黑王: 相逢在雨中,0.4239,https://is1-ssl.mzstatic.com/image/thumb/Music118/v4/ec/fe/2b/ecfe2b19-6508-835f-87f0-57c121c5716b/00602527317557.rgb.jpg/600x600bb.jpg,https://audio-ssl.itunes.apple.com/itunes-assets/AudioPreview116/v4/13/a2/7c/13a27c67-9928-fab6-d5ec-07efb42126fe/mzaf_5215622218970813261.plus.aac.p.m4a,https://open.spotify.com/search/%E7%9B%B8%E9%80%A2%E5%9C%A8%E9%9B%A8%E4%B8%AD%20Leon%20Lai,https://open.spotify.com/search/%E7%9B%B8%E9%80%A2%E5%9C%A8%E9%9B%A8%E4%B8%AD%20Leon%20Lai
End Up,Sevyn Streeter,,2020-01-01,year,Drunken Wordz Sober Thoughtz,0.4239,https://is1-ssl.mzstatic.com/image/thumb/Music116/v4/16/08/a6/1608a6b4-f094-e6f5-c24b-030fd1899b00/634164287825.png/600x600bb.jpg,https://audio-ssl.itunes.apple.com/itunes-assets/AudioPreview126/v4/68/14/95/68149580-4e2c-cdaf-a2eb-f5f06d08a992/mzaf_10591227018010886528.plus.aac.p.m4a,https://open.spotify.com/search/End%20Up%20Sevyn%20Streeter,https://open.spotify.com/search/End%20Up%20Sevyn%20Streeter
Sea of Heartbreak,Don Gibson,,2020-01-01,year,Don Gibson - The Beyond Essential,0.4239,https://is1-ssl.mzstatic.com/image/thumb/Music221/v4/f8/9d/8f/f89d8f9a-e03a-7363-9f8a-7d0c1f9052ca/4066004690728_3000.jpg/600x600bb.jpg,https://audio-ssl.itunes.apple.com/itunes-assets/AudioPreview211/v4/5b/22/58/5b2258a7-72f3-ca38-f6c7-f32bb4d25c44/mzaf_9399345391100346504.plus.aac.p.m4a,https://open.spotify.com/search/Sea%20of%20Heartbreak%20Don%20Gibson,https://open.spotify.com/search/Sea%20of%20Heartbreak%20Don%20Gibson
Rose flash,Orloge Simard,,2020-01-01,year,1986 Sound City Session N' More,0.4239,https://is1-ssl.mzstatic.com/image/thumb/Music124/v4/2b/f6/b1/2bf6b19e-2995-f2ce-e01a-ed098e6d4719/18UMGIM24877.rgb.jpg/600x600bb.jpg,https://audio-ssl.itunes.apple.com/itunes-assets/AudioPreview211/v4/ea/57/75/ea577559-a24b-f258-a488-6b3ed9830576/mzaf_6347517629330017408.plus.aac.p.m4a,https://open.spotify.com/search/Rose%20flash%20Orloge%20Simard,https://open.spotify.com/search/Rose%20flash%20Orloge%20Simard
Em Plena Lua De Mel,Reginaldo Rossi,,2020-01-01,year,Reginaldo Rossi: Ao Vivo,0.4239,https://is1-ssl.mzstatic.com/image/thumb/Music/72/6e/dc/mzi.ukuvjbcr.jpg/600x600bb.jpg,https://audio-ssl.itunes.apple.com/itunes-assets/AudioPreview115/v4/08/91/89/08918993-5bfb-39ec-3153-1dd02ee0dad3/mzaf_1575899414404536585.plus.aac.p.m4a,https://open.spotify.com/search/Em%20Plena%20Lua%20De%20Mel%20Reginaldo%20Rossi,https://open.spotify.com/search/Em%20Plena%20Lua%20De%20Mel%20Reginaldo%20Rossi
watch,Billie Eilish,,2020-01-01,year,dont smile at me,0.4239,https://is1-ssl.mzstatic.com/image/thumb/Music115/v4/02/1d/30/021d3036-5503-3ed3-df00-882f2833a6ae/17UM1IM17026.rgb.jpg/600x600bb.jpg,https://audio-ssl.itunes.apple.com/itunes-assets/AudioPreview211/v4/0f/a0/86/0fa08699-26a1-1c96-e4ad-8db9839861d7/mzaf_9527782586850077493.plus.aac.p.m4a,https://open.spotify.com/search/watch%20Billie%20Eilish,https://open.spotify.com/search/watch%20Billie%20Eilish
Milk & Honey,Billie Marten,,2020-01-01,year,Milk & Honey - Single,0.4239,https://is1-ssl.mzstatic.com/image/thumb/Music18/v4/a3/04/65/a3046573-022d-11a8-ab26-ed4e615723f7/dj.ksdujeje.jpg/600x600bb.jpg,https://audio-ssl.itunes.apple.com/itunes-assets/AudioPreview115/v4/83/50/e6/8350e603-67df-5a64-b65b-45cf009dad71/mzaf_12777674756174275191.plus.aac.p.m4a,https://open.spotify.com/search/Milk%20%26%20Honey%20Billie%20Marten,https://open.spotify.com/search/Milk%20%26%20Honey%20Billie%20Marten
idontwannabeyouanymore,Billie Eilish,,2020-01-01,year,dont smile at me,0.4239,https://is1-ssl.mzstatic.com/image/thumb/Music115/v4/02/1d/30/021d3036-5503-3ed3-df00-882f2833a6ae/17UM1IM17026.rgb.jpg/600x600bb.jpg,https://audio-ssl.itunes.apple.com/itunes-assets/AudioPreview221/v4/91/37/86/913786b5-4da9-5ecd-9c5f-8af4acc32dde/mzaf_1235507762698071430.plus.aac.p.m4a,https://open.spotify.com/search/idontwannabeyouanymore%20Billie%20Eilish,https://open.spotify.com/search/idontwannabeyouanymore%20Billie%20Eilish
ocean eyes,Billie Eilish,,2020-01-01,year,dont smile at me,0.4239,https://is1-ssl.mzstatic.com/image/thumb/Music115/v4/02/1d/30/021d3036-5503-3ed3-df00-882f2833a6ae/17UM1IM17026.rgb.jpg/600x600bb.jpg,https://audio-ssl.itunes.apple.com/itunes-assets/AudioPreview221/v4/d6/59/2b/d6592b0b-1e7e-4743-b2e4-f2af038fd783/mzaf_7697277787797935735.plus.aac.p.m4a,https://open.spotify.com/search/ocean%20eyes%20Billie%20Eilish,https://open.spotify.com/search/ocean%20eyes%20Billie%20Eilish
20 år på vegen,Hellbillies,,2020-01-01,year,Aslag Haugens dag (Sesong 9) - EP,0.4239,https://is1-ssl.mzstatic.com/image/thumb/Music123/v4/e3/b9/38/e3b93814-f32a-51a3-a544-6bba2a8cb6c2/194491787769.jpg/600x600bb.jpg,https://audio-ssl.itunes.apple.com/itunes-assets/AudioPreview115/v4/0e/8b/cd/0e8bcd91-18af-6983-7a64-bb341e12daba/mzaf_15310157233697344115.plus.aac.p.m4a,https://open.spotify.com/search/20%20%C3%A5r%20p%C3%A5%20vegen%20Hellbillies,https://open.spotify.com/search/20%20%C3%A5r%20p%C3%A5%20vegen%20Hellbillies
Happier,Marshmello;Bastille,,2020-01-01,year,Happier - Single,0.4239,https://is1-ssl.mzstatic.com/image/thumb/Music116/v4/e5/61/69/e561696f-40c5-19c1-ec6d-5b2dfaa919f2/21.jpg/600x600bb.jpg,https://audio-ssl.itunes.apple.com/itunes-assets/AudioPreview221/v4/fb/3f/e6/fb3fe69b-1f83-dae3-ad86-34b73a50e86c/mzaf_12086156071273718688.plus.aac.p.m4a,https://open.spotify.com/search/Happier%20Marshmello%3BBastille,https://open.spotify.com/search/Happier%20Marshmello%3BBastille
Visão Ampla,BK;El Lif Beatz,,2020-01-01,year,Castelos & Ruínas,0.4239,https://is1-ssl.mzstatic.com/image/thumb/Music211/v4/5c/a5/92/5ca592ca-ed9b-441a-a9d7-3a8930a8dff4/689407286431.jpg/600x600bb.jpg,https://audio-ssl.itunes.apple.com/itunes-assets/AudioPreview221/v4/87/7f/0e/877f0e8e-7f5b-735a-5769-28bf5df1d866/mzaf_15281620968864898756.plus.aac.p.m4a,https://open.spotify.com/search/Vis%C3%A3o%20Ampla%20BK%3BEl%20Lif%20Beatz,https://open.spotify.com/search/Vis%C3%A3o%20Ampla%20BK%3BEl%20Lif%20Beatz
Jag mår illa,Magnus Uggla,,2020-01-01,year,Klassiska mästerverk,0.4239,https://is1-ssl.mzstatic.com/image/thumb/Music128/v4/82/74/58/8274589d-f0aa-4a30-f0c1-4df5b23045aa/884977875072.jpg/600x600bb.jpg,https://audio-ssl.itunes.apple.com/itunes-assets/AudioPreview126/v4/53/7e/ec/537eec8d-fd66-f067-e42d-12d166d9a1f2/mzaf_18319426430416157738.plus.aac.p.m4a,https://open.spotify.com/search/Jag%20m%C3%A5r%20illa%20Magnus%20Uggla,https://open.spotify.com/search/Jag%20m%C3%A5r%20illa%20Magnus%20Uggla
Bawa Daku Pergi,Ruth Sahanaya,,2020-01-01,year,Greatest Hits - EP,0.4239,https://is1-ssl.mzstatic.com/image/thumb/Music124/v4/13/ba/4e/13ba4ede-4471-0795-269a-a812e0ea0ba4/Ruth.jpg/600x600bb.jpg,https://audio-ssl.itunes.apple.com/itunes-assets/AudioPreview125/v4/87/4b/a5/874ba574-da27-b887-9cd0-2976cd21e4f2/mzaf_10201612650384996319.plus.aac.p.m4a,https://open.spotify.com/search/Bawa%20Daku%20Pergi%20Ruth%20Sahanaya,https://open.spotify.com/search/Bawa%20Daku%20Pergi%20Ruth%20Sahanaya
Genesis (Intro),Zaeden,,2020-01-01,year,Genesis 1:1,0.4239,https://is1-ssl.mzstatic.com/image/thumb/Music115/v4/b4/c1/30/b4c13088-987b-b893-e8f5-a6c8de91008d/cover.jpg/600x600bb.jpg,https://audio-ssl.itunes.apple.com/itunes-assets/AudioPreview125/v4/8c/76/ee/8c76eeaf-f0bd-0793-05a4-8b140eef19f3/mzaf_17418264595181547536.plus.aac.p.m4a,https://open.spotify.com/search/Genesis%20%28Intro%29%20Zaeden,https://open.spotify.com/search/Genesis%20%28Intro%29%20Zaeden
I Don’t Think That I Like Her,Charlie Puth,,2020-01-01,year,CHARLIE,0.4238,https://is1-ssl.mzstatic.com/image/thumb/Music122/v4/7e/5f/22/7e5f2239-6143-7cf4-dfe1-d9b53d47c4c0/075679736307.jpg/600x600bb.jpg,https://audio-ssl.itunes.apple.com/itunes-assets/AudioPreview221/v4/57/a5/45/57a54592-6228-3f72-8d27-85299762e0ce/mzaf_16776931735361088749.plus.aac.p.m4a,https://open.spotify.com/search/I%20Don%E2%80%99t%20Think%20That%20I%20Like%20Her%20Charlie%20Puth,https://open.spotify.com/search/I%20Don%E2%80%99t%20Think%20That%20I%20Like%20Her%20Charlie%20Puth
Trivia 轉 : Seesaw,BTS,,2020-01-01,year,Love Yourself 結 'Answer',0.4235,https://is1-ssl.mzstatic.com/image/thumb/Music126/v4/ff/00/2c/ff002c29-6da9-1a26-16b3-282a73180366/192562871591_Cover.jpg/600x600bb.jpg,https://audio-ssl.itunes.apple.com/itunes-assets/AudioPreview221/v4/d7/a7/c5/d7a7c515-6432-12c7-1b65-2ae0a72eee3a/mzaf_8733492714469120623.plus.aac.p.m4a,https://open.spotify.com/search/Trivia%20%E8%BD%89%20%3A%20Seesaw%20BTS,https://open.spotify.com/search/Trivia%20%E8%BD%89%20%3A%20Seesaw%20BTS
Celebrity,IU,,2020-01-01,year,IU 5th Album 'LILAC',0.4235,https://is1-ssl.mzstatic.com/image/thumb/Music125/v4/35/9f/83/359f83b3-1423-3153-1641-98e948b7fc65/cover_-_EDAM_5_LILAC.jpg/600x600bb.jpg,https://audio-ssl.itunes.apple.com/itunes-assets/AudioPreview211/v4/89/f2/a5/89f2a55d-b4d8-fdcc-1dd2-274e5f783fd0/mzaf_535474567624350483.plus.aac.p.m4a,https://open.spotify.com/search/Celebrity%20IU,https://open.spotify.com/search/Celebrity%20IU
Daaru Desi,Benny Dayal;Shalmali Kholgade,,2020-01-01,year,Cocktail (Original Motion Picture Soundtrack),0.4235,https://is1-ssl.mzstatic.com/image/thumb/Music211/v4/3d/dd/ec/3dddec12-be24-6746-f20b-24dd599e1b52/196871082891.jpg/600x600bb.jpg,https://audio-ssl.itunes.apple.com/itunes-assets/AudioPreview211/v4/ea/ba/56/eaba56cb-318a-21f5-c472-d0b1afa5db9c/mzaf_15489178725134653907.plus.aac.p.m4a,https://open.spotify.com/search/Daaru%20Desi%20Benny%20Dayal%3BShalmali%20Kholgade,https://open.spotify.com/search/Daaru%20Desi%20Benny%20Dayal%3BShalmali%20Kholgade
You,Regard;Troye Sivan;Tate McRae,,2020-01-01,year,You - Single,0.4235,https://is1-ssl.mzstatic.com/image/thumb/Music125/v4/96/bb/bd/96bbbdf3-f50c-c042-693d-732b15fccb8e/886449359998.jpg/600x600bb.jpg,https://audio-ssl.itunes.apple.com/itunes-assets/AudioPreview221/v4/85/29/2e/85292ed4-e3f2-2d66-46dd-4bcd2c88479e/mzaf_13139541155562102200.plus.aac.p.m4a,https://open.spotify.com/search/You%20Regard%3BTroye%20Sivan%3BTate%20McRae,https://open.spotify.com/search/You%20Regard%3BTroye%20Sivan%3BTate%20McRae
you broke me first,Tate McRae,,2020-01-01,year,you broke me first (Bedroom Sessions) - Single,0.4235,https://is1-ssl.mzstatic.com/image/thumb/Music124/v4/47/e9/20/47e920ba-f3db-a9c7-0e1f-af2e997e9568/886448974383.jpg/600x600bb.jpg,https://audio-ssl.itunes.apple.com/itunes-assets/AudioPreview125/v4/9b/3f/b5/9b3fb5fe-3893-68c4-c70a-d054e522c6db/mzaf_2626241275347749786.plus.aac.p.m4a,https://open.spotify.com/search/you%20broke%20me%20first%20Tate%20McRae,https://open.spotify.com/search/you%20broke%20me%20first%20Tate%20McRae
En Nombre de los Dos,Víctor Manuelle,,2020-01-01,year,Le Preguntaba a la Luna,0.4228,https://is1-ssl.mzstatic.com/image/thumb/Music/63/52/86/mzi.aloqhgip.jpg/600x600bb.jpg,https://audio-ssl.itunes.apple.com/itunes-assets/AudioPreview221/v4/3d/c0/e5/3dc0e505-33d9-9802-7615-72936cdfb662/mzaf_12765700624137802821.plus.aac.p.m4a,https://open.spotify.com/search/En%20Nombre%20de%20los%20Dos%20V%C3%ADctor%20Manuelle,https://open.spotify.com/search/En%20Nombre%20de%20los%20Dos%20V%C3%ADctor%20Manuelle
I Feel You Everywhere (Antibodies),Tensnake;LP Giobbi;Cara Melín,,2020-01-01,year,I Feel You Everywhere (Antibodies) [feat. Cara Melín] - Single,0.4228,https://is1-ssl.mzstatic.com/image/thumb/Music112/v4/ff/11/30/ff113019-1f00-ea76-d680-b9c2db034c07/8718522384660.png/600x600bb.jpg,https://audio-ssl.itunes.apple.com/itunes-assets/AudioPreview112/v4/9c/19/f8/9c19f88a-3bd5-2406-6162-eb2eb04d3e90/mzaf_7726193511965365600.plus.aac.p.m4a,https://open.spotify.com/search/I%20Feel%20You%20Everywhere%20%28Antibodies%29%20Tensnake%3BLP%20Giobbi%3BCara%20Mel%C3%ADn,https://open.spotify.com/search/I%20Feel%20You%20Everywhere%20%28Antibodies%29%20Tensnake%3BLP%20Giobbi%3BCara%20Mel%C3%ADn
Hasty Boom Alert,µ-Ziq,,2020-01-01,year,Lunatic Harness,0.4228,https://is1-ssl.mzstatic.com/image/thumb/Music124/v4/52/3c/cb/523ccb57-c0e6-acc0-ee09-d7c6fb0a7b33/00724384430955.jpg/600x600bb.jpg,https://audio-ssl.itunes.apple.com/itunes-assets/AudioPreview211/v4/18/ca/df/18cadfc6-a69c-f8a0-a6d6-d62eb50552ce/mzaf_15732481041223996741.plus.aac.p.m4a,https://open.spotify.com/search/Hasty%20Boom%20Alert%20%C2%B5-Ziq,https://open.spotify.com/search/Hasty%20Boom%20Alert%20%C2%B5-Ziq
You Got To Go - Fehrplay Remix,Above & Beyond;Zoë Johnston;Fehrplay,,2020-01-01,year,Anjunabeats Volume 16 (DJ Mix),0.4228,https://is1-ssl.mzstatic.com/image/thumb/Music112/v4/5d/ec/3c/5dec3cdd-1eba-e12a-9ca4-44ffa73e4af4/5039060786499.png/600x600bb.jpg,https://audio-ssl.itunes.apple.com/itunes-assets/AudioPreview221/v4/b0/43/d9/b043d9aa-cbc6-fc59-6434-4d9f2cd39e47/mzaf_13551257928981910913.plus.aac.p.m4a,https://open.spotify.com/search/You%20Got%20To%20Go%20-%20Fehrplay%20Remix%20Above%20%26%20Beyond%3BZo%C3%AB%20Johnston%3BFehrplay,https://open.spotify.com/search/You%20Got%20To%20Go%20-%20Fehrplay%20Remix%20Above%20%26%20Beyond%3BZo%C3%AB%20Johnston%3BFehrplay
Eylül Akşamı,Linet,,2020-01-01,year,Yorum Farkı,0.4228,https://is1-ssl.mzstatic.com/image/thumb/Music221/v4/6f/88/cf/6f88cf28-bcb9-745e-74f6-5c963204c96a/8680131301232_Cover.jpg/600x600bb.jpg,https://audio-ssl.itunes.apple.com/itunes-assets/AudioPreview211/v4/3b/70/d9/3b70d9ef-3236-773c-00ab-b1ef647afb7f/mzaf_428836921988459136.plus.aac.p.m4a,https://open.spotify.com/search/Eyl%C3%BCl%20Ak%C5%9Fam%C4%B1%20Linet,https://open.spotify.com/search/Eyl%C3%BCl%20Ak%C5%9Fam%C4%B1%20Linet
Janam Janam,Pritam;Arijit Singh;Antara Mitra,,2020-01-01,year,Phata Poster Nikhla Hero (Original Motion Picture Soundtrack),0.4228,https://is1-ssl.mzstatic.com/image/thumb/Music114/v4/02/98/a6/0298a63c-c22f-52d9-a62c-1e7c19980a3a/8901854030330.jpg/600x600bb.jpg,https://audio-ssl.itunes.apple.com/itunes-assets/AudioPreview221/v4/7e/b3/68/7eb3680d-afea-72c9-8d60-49d4006e8eb8/mzaf_17130765475766048644.plus.aac.p.m4a,https://open.spotify.com/search/Janam%20Janam%20Pritam%3BArijit%20Singh%3BAntara%20Mitra,https://open.spotify.com/search/Janam%20Janam%20Pritam%3BArijit%20Singh%3BAntara%20Mitra
Camarín - En Vivo,Babasónicos,,2020-01-01,year,Desde Adentro - Impuesto de Fe,0.4228,https://is1-ssl.mzstatic.com/image/thumb/Music124/v4/90/11/7c/90117c9d-853d-c6b2-247e-64c13af189f5/886445869873.jpg/600x600bb.jpg,https://audio-ssl.itunes.apple.com/itunes-assets/AudioPreview221/v4/3a/be/13/3abe1394-bb0c-899c-edd6-8980db258f8b/mzaf_11759226958827410897.plus.aac.p.m4a,https://open.spotify.com/search/Camar%C3%ADn%20-%20En%20Vivo%20Babas%C3%B3nicos,https://open.spotify.com/search/Camar%C3%ADn%20-%20En%20Vivo%20Babas%C3%B3nicos
Obsessed (with Charlie Puth & Shenseea),Calvin Harris;Charlie Puth;Shenseea,0b5CzUhyShYuDdtW5J4wm2,2022-08-05,day,Funk Wav Bounces Vol. 2,0.5642,https://i.scdn.co/image/ab67616d0000b273382e676a019d248dd2cf855e,https://audio-ssl.itunes.apple.com/itunes-assets/AudioPreview211/v4/f0/5f/bd/f05fbdda-6fc3-38ad-a9ab-47e5a4a75289/mzaf_17004975590640574818.plus.aac.p.m4a,https://open.spotify.com/track/0b5CzUhyShYuDdtW5J4wm2,https://open.spotify.com/track/0b5CzUhyShYuDdtW5J4wm2
Brown Girl in the Ring,Boney M.,0rT9KyAEDNr0kbBL5Qfo8k,1978,year,Nightflight to Venus,0.0012,https://i.scdn.co/image/ab67616d0000b2739e77d65619f80436b5cc9d12,https://audio-ssl.itunes.apple.com/itunes-assets/AudioPreview221/v4/07/19/ab/0719abdd-c77f-aad5-42b5-87e959efe0f2/mzaf_1183688181564779992.plus.aac.p.m4a,https://open.spotify.com/track/0rT9KyAEDNr0kbBL5Qfo8k,https://open.spotify.com/track/0rT9KyAEDNr0kbBL5Qfo8k
Taco Truck x VB,Lana Del Rey,79wgotDiVZml9PiTtNtYBA,2023-03-24,day,Did you know that there's a tunnel under Ocean Blvd,0.6159,https://i.scdn.co/image/ab67616d0000b27359ae8cf65d498afdd5585634,https://audio-ssl.itunes.apple.com/itunes-assets/AudioPreview211/v4/80/61/6d/80616d56-8057-743f-b1d5-40c6926b1ad0/mzaf_15310435543583230596.plus.aac.p.m4a,https://open.spotify.com/track/79wgotDiVZml9PiTtNtYBA,https://open.spotify.com/track/79wgotDiVZml9PiTtNtYBA
The Other Woman,Lana Del Rey,1KuVEZR4xuQVNr1KkanAV4,2014-01-01,day,Ultraviolence (Deluxe),0.1715,https://i.scdn.co/image/ab67616d0000b2731624590458126fc8b8c64c2f,https://audio-ssl.itunes.apple.com/itunes-assets/AudioPreview211/v4/84/11/83/8411836a-ea77-29ca-8b51-f30941a93b6a/mzaf_10421046894932057312.plus.aac.p.m4a,https://open.spotify.com/track/1KuVEZR4xuQVNr1KkanAV4,https://open.spotify.com/track/1KuVEZR4xuQVNr1KkanAV4
Wildflower Wildfire,Lana Del Rey,7fvTXmlzhOUE7WUD6aJC4N,2021-10-22,day,Blue Banisters,0.506,https://i.scdn.co/image/ab67616d0000b2736946deb6f548e464b385ee0e,https://audio-ssl.itunes.apple.com/itunes-assets/AudioPreview211/v4/e6/94/a2/e694a2b2-3d63-e39f-fc53-f3b8ad0aeed1/mzaf_312791932452931509.plus.aac.p.m4a,https://open.spotify.com/track/7fvTXmlzhOUE7WUD6aJC4N,https://open.spotify.com/track/7fvTXmlzhOUE7WUD6aJC4N
Get Free,Lana Del Rey,761QvVHTibYjEi2r6A4g4Q,2017-07-21,day,Lust For Life,0.2805,https://i.scdn.co/image/ab67616d0000b27395e2fd1accb339fa14878190,https://audio-ssl.itunes.apple.com/itunes-assets/AudioPreview221/v4/51/1e/6e/511e6e9f-573f-d6e4-bcdc-c809d36b6c3f/mzaf_6045221786460775972.plus.aac.p.m4a,https://open.spotify.com/track/761QvVHTibYjEi2r6A4g4Q,https://open.spotify.com/track/761QvVHTibYjEi2r6A4g4Q
Tulsa Jesus Freak,Lana Del Rey,0hyImI8JaWONOrzKH7kJsC,2021-03-19,day,Chemtrails Over The Country Club,0.466,https://i.scdn.co/image/ab67616d0000b273ca929c6e766cb8591a286e0d,https://audio-ssl.itunes.apple.com/itunes-assets/AudioPreview221/v4/bd/70/3f/bd703fc4-e4fc-2ce0-3ea2-5dba3804c336/mzaf_7941859500113593981.plus.aac.p.m4a,https://open.spotify.com/track/0hyImI8JaWONOrzKH7kJsC,https://open.spotify.com/track/0hyImI8JaWONOrzKH7kJsC
The Final Countdown,Europe,3MrRksHupTVEQ7YbA0FsZK,1986,year,The Final Countdown (Expanded Edition),0.0038,https://i.scdn.co/image/ab67616d0000b273f5e30500f0eec7d92b159eae,https://audio-ssl.itunes.apple.com/itunes-assets/AudioPreview211/v4/d3/5b/d9/d35bd9a3-d105-95d8-ba29-0f5c6b8e764b/mzaf_7609183394807520180.plus.aac.p.m4a,https://open.spotify.com/track/3MrRksHupTVEQ7YbA0FsZK,https://open.spotify.com/track/3MrRksHupTVEQ7YbA0FsZK
505,Arctic Monkeys,0BxE4FqsDD1Ot4YuBXwAPp,2007-04-22,day,Favourite Worst Nightmare,0.0678,https://i.scdn.co/image/ab67616d0000b273b1f8da74f225fa1225cdface,https://audio-ssl.itunes.apple.com/itunes-assets/AudioPreview221/v4/d1/0d/ab/d10dabc8-cceb-e718-401f-01516b009460/mzaf_13845311225859403599.plus.aac.p.m4a,https://open.spotify.com/track/0BxE4FqsDD1Ot4YuBXwAPp,https://open.spotify.com/track/0BxE4FqsDD1Ot4YuBXwAPp
Turbulent,Waterparks,4ig3DcNoj3UfPdhL2Rw9J1,2019-10-11,day,FANDOM,0.3818,https://i.scdn.co/image/ab67616d0000b2733cd2ff03a508f5314a626701,https://audio-ssl.itunes.apple.com/itunes-assets/AudioPreview115/v4/c2/55/c0/c255c06d-ca8e-1d2c-92c9-1a561b113bc2/mzaf_10467413531294527516.plus.aac.p.m4a,https://open.spotify.com/track/4ig3DcNoj3UfPdhL2Rw9J1,https://open.spotify.com/track/4ig3DcNoj3UfPdhL2Rw9J1
King of the Road - Eurodance remix,John Wildcat;Dogge Doggelito,50ZUl8qlCDQk5HNxDh3m7r,2019-04-19,day,King of the Road,0.3572,https://i.scdn.co/image/ab67616d0000b27373ee4a42b5db497b985864f4,https://audio-ssl.itunes.apple.com/itunes-assets/AudioPreview221/v4/b3/37/70/b3377099-d0f8-3769-931c-066f2babdd79/mzaf_13759211128339745103.plus.aac.p.m4a,https://open.spotify.com/track/50ZUl8qlCDQk5HNxDh3m7r,https://open.spotify.com/track/50ZUl8qlCDQk5HNxDh3m7r
Deutschland,Rammstein,2bPGTMB5sFfFYQ2YvSmup0,2019-05-17,day,Rammstein,0.3611,https://i.scdn.co/image/ab67616d0000b27302add2c77fb6999e311a3248,https://audio-ssl.itunes.apple.com/itunes-assets/AudioPreview211/v4/c8/01/1d/c8011df4-1589-d4ae-d384-ba0273161be2/mzaf_3148044136933975705.plus.aac.p.m4a,https://open.spotify.com/track/2bPGTMB5sFfFYQ2YvSmup0,https://open.spotify.com/track/2bPGTMB5sFfFYQ2YvSmup0
Thunderstruck,AC/DC,57bgtoPSgt236HzfBOd8kj,1990-09-24,day,The Razors Edge,0.0068,https://i.scdn.co/image/ab67616d0000b2739a9b1cc067e4460da04adce2,https://audio-ssl.itunes.apple.com/itunes-assets/AudioPreview211/v4/11/cb/bb/11cbbbcc-49f3-11e2-cbe9-9f8c02ce390f/mzaf_13150709707479713449.plus.aac.p.m4a,https://open.spotify.com/track/57bgtoPSgt236HzfBOd8kj,https://open.spotify.com/track/57bgtoPSgt236HzfBOd8kj
unravel,TK from Ling tosite sigure,1rN9QoVxw5U7TJkyaUR8C1,2014-08-27,day,Fantastic Magic,0.1877,https://i.scdn.co/image/ab67616d0000b273b11c3ab5cb818192b7a61fdd,https://audio-ssl.itunes.apple.com/itunes-assets/AudioPreview221/v4/3e/6b/f2/3e6bf2a5-f547-f33f-615f-7b8a37d5bbed/mzaf_13110023540909055333.plus.aac.p.m4a,https://open.spotify.com/track/1rN9QoVxw5U7TJkyaUR8C1,https://open.spotify.com/track/1rN9QoVxw5U7TJkyaUR8C1
For Whom The Bell Tolls - Remastered,Metallica,2dXsILW8gzkosqleHAvl0v,1984-07-27,day,Ride The Lightning (Remastered),0.0029,https://i.scdn.co/image/ab67616d0000b2739ad3e9959f48d513886b8933,https://audio-ssl.itunes.apple.com/itunes-assets/AudioPreview221/v4/5b/42/33/5b42333c-5fda-680d-38cc-26d4b0409593/mzaf_15313712243332932254.plus.aac.p.m4a,https://open.spotify.com/track/2dXsILW8gzkosqleHAvl0v,https://open.spotify.com/track/2dXsILW8gzkosqleHAvl0v
Legendary,Skillet,2pYaGdqXBrl8MdvuwgtBb7,2019-08-02,day,Victorious,0.3718,https://i.scdn.co/image/ab67616d0000b27303376d0b91d6f9f31fc65886,https://audio-ssl.itunes.apple.com/itunes-assets/AudioPreview211/v4/78/82/7d/78827d3b-be8d-f3fd-a480-d597206b35af/mzaf_7543541300282201320.plus.aac.p.m4a,https://open.spotify.com/track/2pYaGdqXBrl8MdvuwgtBb7,https://open.spotify.com/track/2pYaGdqXBrl8MdvuwgtBb7
Epic - Radio Edit,Faith No More,3JZuJPfXEXvxmqsU8v8S9V,1989-06-20,day,The Real Thing (Deluxe Edition),0.0057,https://i.scdn.co/image/ab67616d0000b2733b0030370756af01d33cf74b,https://audio-ssl.itunes.apple.com/itunes-assets/AudioPreview211/v4/a6/2a/e2/a62ae2b2-cd20-1f08-218d-7832db84afa9/mzaf_4105402096901562326.plus.aac.p.m4a,https://open.spotify.com/track/3JZuJPfXEXvxmqsU8v8S9V,https://open.spotify.com/track/3JZuJPfXEXvxmqsU8v8S9V
Shake It Off (Taylor's Version),Taylor Swift,3pv7Q5v2dpdefwdWIvE7yH,2023-10-26,day,1989 (Taylor's Version),0.6685,https://i.scdn.co/image/ab67616d0000b2734110bfab1185fdfc9dfc2cf0,https://audio-ssl.itunes.apple.com/itunes-assets/AudioPreview221/v4/25/b7/39/25b7398a-a120-3f2a-de52-c2719e047b80/mzaf_1911282677301986548.plus.aac.p.m4a,https://open.spotify.com/track/3pv7Q5v2dpdefwdWIvE7yH,https://open.spotify.com/track/3pv7Q5v2dpdefwdWIvE7yH
the last great american dynasty,Taylor Swift,2Eeur20xVqfUoM3Q7EFPFt,2020-07-24,day,folklore,0.4257,https://i.scdn.co/image/ab67616d0000b27395f754318336a07e85ec59bc,https://audio-ssl.itunes.apple.com/itunes-assets/AudioPreview221/v4/cf/1b/82/cf1b827e-e601-0896-4b0c-8767ba50e29d/mzaf_4790624644739226710.plus.aac.p.m4a,https://open.spotify.com/track/2Eeur20xVqfUoM3Q7EFPFt,https://open.spotify.com/track/2Eeur20xVqfUoM3Q7EFPFt
We Are Never Ever Getting Back Together,Taylor Swift,5YqltLsjdqFtvqE7Nrysvs,2021-11-12,day,Red (Taylor's Version),0.51,https://i.scdn.co/image/ab67616d0000b273318443aab3531a0558e79a4d,https://audio-ssl.itunes.apple.com/itunes-assets/AudioPreview211/v4/d6/c8/64/d6c864a4-4bae-ee81-be9e-ef0beb97ccb1/mzaf_8891089632729595012.plus.aac.p.m4a,https://open.spotify.com/track/5YqltLsjdqFtvqE7Nrysvs,https://open.spotify.com/track/5YqltLsjdqFtvqE7Nrysvs
Blank Space,Taylor Swift,1u8c2t2Cy7UBoG4ArRcF5g,2014-01-01,day,1989 (Deluxe),0.1715,https://i.scdn.co/image/ab67616d0000b27352b2a3824413eefe9e33817a,https://audio-ssl.itunes.apple.com/itunes-assets/AudioPreview211/v4/79/55/b1/7955b10c-6cb6-462a-861c-8e5cbcacfb76/mzaf_3395570742482345989.plus.aac.p.m4a,https://open.spotify.com/track/1u8c2t2Cy7UBoG4ArRcF5g,https://open.spotify.com/track/1u8c2t2Cy7UBoG4ArRcF5g
22,Taylor Swift,3yII7UwgLF6K5zW3xad3MP,2021-11-12,day,Red (Taylor's Version),0.51,https://i.scdn.co/image/ab67616d0000b273318443aab3531a0558e79a4d,https://audio-ssl.itunes.apple.com/itunes-assets/AudioPreview221/v4/95/e7/bb/95e7bb40-f0e3-11c1-08d4-73626d8d8e94/mzaf_6190233390504127357.plus.aac.p.m4a,https://open.spotify.com/track/3yII7UwgLF6K5zW3xad3MP,https://open.spotify.com/track/3yII7UwgLF6K5zW3xad3MP
Happier Than Ever,Billie Eilish,4RVwu0g32PAqgUiJoXsdF8,2021-07-30,day,Happier Than Ever,0.4901,https://i.scdn.co/image/ab67616d0000b2732a038d3bf875d23e4aeaa84e,https://audio-ssl.itunes.apple.com/itunes-assets/AudioPreview115/v4/8c/6b/20/8c6b203a-cadc-25b3-1c91-2a8e77210e31/mzaf_9684961884676177661.plus.aac.p.m4a,https://open.spotify.com/track/4RVwu0g32PAqgUiJoXsdF8,https://open.spotify.com/track/4RVwu0g32PAqgUiJoXsdF8
my future,Billie Eilish,2ygvZOXrIeVL4xZmAWJT2C,2020-07-30,day,my future,0.4267,https://i.scdn.co/image/ab67616d0000b273954fe13f7c5f4b2f18d066b8,https://audio-ssl.itunes.apple.com/itunes-assets/AudioPreview211/v4/c7/b2/2d/c7b22de0-fc9a-e343-a423-7ecdbe330f23/mzaf_16360002870919386209.plus.aac.p.m4a,https://open.spotify.com/track/2ygvZOXrIeVL4xZmAWJT2C,https://open.spotify.com/track/2ygvZOXrIeVL4xZmAWJT2C
TV,Billie Eilish,3GYlZ7tbxLOxe6ewMNVTkw,2022-07-21,day,Guitar Songs,0.561,https://i.scdn.co/image/ab67616d0000b2737a4781629469bb83356cd318,https://audio-ssl.itunes.apple.com/itunes-assets/AudioPreview221/v4/11/27/03/11270372-08f6-fb4d-007f-6fef24922ed4/mzaf_4309652475900024701.plus.aac.p.m4a,https://open.spotify.com/track/3GYlZ7tbxLOxe6ewMNVTkw,https://open.spotify.com/track/3GYlZ7tbxLOxe6ewMNVTkw
lovely (with Khalid),Billie Eilish;Khalid,0u2P5u6lvoDfwTYjAADbn4,2018-04-19,day,lovely (with Khalid),0.311,https://i.scdn.co/image/ab67616d0000b2738a3f0a3ca7929dea23cd274c,https://audio-ssl.itunes.apple.com/itunes-assets/AudioPreview221/v4/1e/d8/8d/1ed88d91-fb06-b3f2-5391-afd732cc2ff9/mzaf_18444937225262929488.plus.aac.p.m4a,https://open.spotify.com/track/0u2P5u6lvoDfwTYjAADbn4,https://open.spotify.com/track/0u2P5u6lvoDfwTYjAADbn4
Six Feet Under,Billie Eilish,2VlLbhGLVJgdOW7kKdWWFc,2016-11-17,day,Six Feet Under,0.2555,https://i.scdn.co/image/ab67616d0000b273fae80fc6c7f60e75cfc519c7,https://audio-ssl.itunes.apple.com/itunes-assets/AudioPreview211/v4/08/f8/c0/08f8c02e-7dd8-183f-5b05-c9b7c8a9b12c/mzaf_1840090731791233512.plus.aac.p.m4a,https://open.spotify.com/track/2VlLbhGLVJgdOW7kKdWWFc,https://open.spotify.com/track/2VlLbhGLVJgdOW7kKdWWFc
Lost Cause,Billie Eilish,4191RXFPa7Ge9XkA4cWlna,2021-07-30,day,Happier Than Ever,0.4901,https://i.scdn.co/image/ab67616d0000b2732a038d3bf875d23e4aeaa84e,https://audio-ssl.itunes.apple.com/itunes-assets/AudioPreview211/v4/fe/8e/4f/fe8e4f59-a0ab-80d7-89a1-a4d8b245515d/mzaf_7031540770245810564.plus.aac.p.m4a,https://open.spotify.com/track/4191RXFPa7Ge9XkA4cWlna,https://open.spotify.com/track/4191RXFPa7Ge9XkA4cWlna
Bored,Billie Eilish,04sN26COy28wTXYj3dMoiZ,2017-03-30,day,Bored,0.2687,https://i.scdn.co/image/ab67616d0000b273e0f2af91be409aad81bba98c,https://audio-ssl.itunes.apple.com/itunes-assets/AudioPreview221/v4/94/6d/7e/946d7e4b-8526-7815-5cf6-c6cca703db85/mzaf_13930914359028236368.plus.aac.p.m4a,https://open.spotify.com/track/04sN26COy28wTXYj3dMoiZ,https://open.spotify.com/track/04sN26COy28wTXYj3dMoiZ
Your Power,Billie Eilish,042Sl6Mn83JHyLEqdK7uI0,2021-07-30,day,Happier Than Ever,0.4901,https://i.scdn.co/image/ab67616d0000b2732a038d3bf875d23e4aeaa84e,https://audio-ssl.itunes.apple.com/itunes-assets/AudioPreview211/v4/de/77/c1/de77c107-2766-0edd-9efe-87d28453d953/mzaf_15909945007421681650.plus.aac.p.m4a,https://open.spotify.com/track/042Sl6Mn83JHyLEqdK7uI0,https://open.spotify.com/track/042Sl6Mn83JHyLEqdK7uI0
Alone Again Or - 2015 Remaster,Love,1XuccRABkfUVB4FjSVhjL1,1967,year,Forever Changes (2015 Remaster),0.0003,https://i.scdn.co/image/ab67616d0000b273bb01f0ca02c204d13933ca06,https://audio-ssl.itunes.apple.com/itunes-assets/AudioPreview221/v4/2f/6d/ec/2f6dec3b-234e-b74d-b1dd-a180f306a356/mzaf_9218168182273595913.plus.aac.p.m4a,https://open.spotify.com/track/1XuccRABkfUVB4FjSVhjL1,https://open.spotify.com/track/1XuccRABkfUVB4FjSVhjL1
Jenseits aller Schmerzen,Marie Antoinette (Original Soundtrack),5nOV1E5qez58saL1lEbQyD,2009-02-02,day,Marie Antoinette,0.0868,https://i.scdn.co/image/ab67616d0000b2738f99e6871eaf02d93bfbcdb9,https://audio-ssl.itunes.apple.com/itunes-assets/AudioPreview115/v4/17/25/3e/17253ebd-4e5c-e6f6-65c9-7c2689fd0f18/mzaf_16618681839378091267.plus.aac.p.m4a,https://open.spotify.com/track/5nOV1E5qez58saL1lEbQyD,https://open.spotify.com/track/5nOV1E5qez58saL1lEbQyD
Hallelujah,Leonard Cohen,7yzbimr8WVyAtBX3Eg6UL9,1984-12-11,day,Various Positions,0.0031,https://i.scdn.co/image/ab67616d0000b2731324dce973eaebfe380d73a5,https://audio-ssl.itunes.apple.com/itunes-assets/AudioPreview211/v4/4d/95/03/4d95037f-5f75-2821-473e-9b4d621a54c8/mzaf_7276002928210446764.plus.aac.p.m4a,https://open.spotify.com/track/7yzbimr8WVyAtBX3Eg6UL9,https://open.spotify.com/track/7yzbimr8WVyAtBX3Eg6UL9
Breathe - Live,Michael W. Smith,3f7Kj9ZX3DEIdAc2UnrOKi,2001,year,Worship,0.0303,https://i.scdn.co/image/ab67616d0000b273be6319a8373af0d97b33fe15,https://audio-ssl.itunes.apple.com/itunes-assets/AudioPreview221/v4/4a/f7/dc/4af7dc67-e016-025d-045e-6a71857179c9/mzaf_8082188085353059966.plus.aac.p.m4a,https://open.spotify.com/track/3f7Kj9ZX3DEIdAc2UnrOKi,https://open.spotify.com/track/3f7Kj9ZX3DEIdAc2UnrOKi
The First Noel (Remastered 2014),Traditional;Richard Benson and His Orchestra,5aw0QGRRtJmi7nVvKyRaHJ,2022-10-21,day,"Remastered Christmas Classics, Richard Benson and His Orchestra",0.5809,https://i.scdn.co/image/ab67616d0000b2734bb56bd44a3d8a042dbeacfa,https://audio-ssl.itunes.apple.com/itunes-assets/AudioPreview115/v4/97/48/8e/97488e16-56cc-4dea-9a58-b433344de303/mzaf_5211003981067507950.plus.aac.p.m4a,https://open.spotify.com/track/5aw0QGRRtJmi7nVvKyRaHJ,https://open.spotify.com/track/5aw0QGRRtJmi7nVvKyRaHJ
Pontes Indestrutíveis,Charlie Brown Jr.,74Es0YAvJFbFCZ6ULMcydb,2007-03-10,day,"Ritmo, Ritual E Responsa",0.0667,https://i.scdn.co/image/ab67616d0000b273816a215aa4e115e57771bff9,https://audio-ssl.itunes.apple.com/itunes-assets/AudioPreview115/v4/fb/cf/f9/fbcff980-5b90-6328-d327-98a6756d7176/mzaf_15832080383966504079.plus.aac.p.m4a,https://open.spotify.com/track/74Es0YAvJFbFCZ6ULMcydb,https://open.spotify.com/track/74Es0YAvJFbFCZ6ULMcydb
Personality (feat. T Pain),Lil Dicky;T-Pain,2eUOoOf6q0e9FIK01SJMjT,2015-07-31,day,Professional Rapper,0.2134,https://i.scdn.co/image/ab67616d0000b273a5ea3573e8f48f5485760e2e,https://audio-ssl.itunes.apple.com/itunes-assets/AudioPreview211/v4/87/85/f9/8785f98c-fc71-3cdd-d08e-4fcae8439cc4/mzaf_4217963069695317816.plus.aac.p.m4a,https://open.spotify.com/track/2eUOoOf6q0e9FIK01SJMjT,https://open.spotify.com/track/2eUOoOf6q0e9FIK01SJMjT
Keep You Mine,NOTD;shy martin,0OJN2A3Qyvd7pwSF0AIteC,2019-08-02,day,Keep You Mine,0.3718,https://i.scdn.co/image/ab67616d0000b273f4d67f35cc3cffe7913d3ba3,https://audio-ssl.itunes.apple.com/itunes-assets/AudioPreview211/v4/44/74/76/4474767f-00da-c373-c2f3-5b95bb20ad68/mzaf_17242792643123367729.plus.aac.p.m4a,https://open.spotify.com/track/0OJN2A3Qyvd7pwSF0AIteC,https://open.spotify.com/track/0OJN2A3Qyvd7pwSF0AIteC
País da Fome,Sabotage;Quincas Moreira,7KFV09JUeoWlKei8kpy530,2022-04-08,day,Originals Demo (2002),0.5393,https://i.scdn.co/image/ab67616d0000b273bbb9b9044f7cdbd7742d5907,https://audio-ssl.itunes.apple.com/itunes-assets/AudioPreview122/v4/95/cd/75/95cd75df-b2c9-e9db-3802-5e5082d918a9/mzaf_17597550162576474683.plus.aac.p.m4a,https://open.spotify.com/track/7KFV09JUeoWlKei8kpy530,https://open.spotify.com/track/7KFV09JUeoWlKei8kpy530
Isso Ce Num Conta,Bruno & Marrone,5tufejy0VtAU81FpBmXasV,2015-08-07,day,Isso Cê Num Conta,0.2139,https://i.scdn.co/image/ab67616d0000b273846f6b8f5e02eddd0a823fb2,https://audio-ssl.itunes.apple.com/itunes-assets/AudioPreview115/v4/06/3b/6e/063b6ea5-4ba1-9bf5-407e-96230cbf365d/mzaf_6872276190902020225.plus.aac.p.m4a,https://open.spotify.com/track/5tufejy0VtAU81FpBmXasV,https://open.spotify.com/track/5tufejy0VtAU81FpBmXasV
Vivir Así Es Morir de Amor,Los Caligaris;Pedro Fernández,7vP1ftuN13Tq2j9gVlEm1l,2020-09-08,day,Vivir Así Es Morir de Amor,0.4332,https://i.scdn.co/image/ab67616d0000b273eaca9d6701f8cbb28557685b,https://audio-ssl.itunes.apple.com/itunes-assets/AudioPreview115/v4/0d/87/03/0d870376-9368-105d-1914-019f8eb03ab1/mzaf_1048506221218240279.plus.aac.p.m4a,https://open.spotify.com/track/7vP1ftuN13Tq2j9gVlEm1l,https://open.spotify.com/track/7vP1ftuN13Tq2j9gVlEm1l
Self Control - Extended Version,Laura Branigan,7skyR8nK3vnDikYFBoUVw6,2020-07-31,day,Self Control (Expanded),0.4268,https://i.scdn.co/image/ab67616d0000b27350a05e28731e07011a7e060d,https://audio-ssl.itunes.apple.com/itunes-assets/AudioPreview211/v4/7c/cc/3c/7ccc3c4a-c426-4f1f-7f5a-6495f46fe107/mzaf_12695054248174541905.plus.aac.p.m4a,https://open.spotify.com/track/7skyR8nK3vnDikYFBoUVw6,https://open.spotify.com/track/7skyR8nK3vnDikYFBoUVw6
The Lotto,Ingrid Michaelson;AJR,4NxUuupOGPquDhy1yFIZK3,2016-09-30,day,The Lotto,0.2509,https://i.scdn.co/image/ab67616d0000b273d7db056e0e6a22b4da4f3b15,https://audio-ssl.itunes.apple.com/itunes-assets/AudioPreview221/v4/f3/2a/d5/f32ad549-adec-c3cf-b8da-795400ca80a5/mzaf_14930639413578816844.plus.aac.p.m4a,https://open.spotify.com/track/4NxUuupOGPquDhy1yFIZK3,https://open.spotify.com/track/4NxUuupOGPquDhy1yFIZK3
夏色のナンシー,Yu Hayami,2sBR4bPZoFmvZzpz1O8NlJ,1983-08-21,day,Dear,0.0025,https://i.scdn.co/image/ab67616d0000b2738af615b2e1085d3669230538,https://audio-ssl.itunes.apple.com/itunes-assets/AudioPreview115/v4/fb/cf/86/fbcf8699-254b-5c42-88f1-8bfb0d3ffbf9/mzaf_8845820198312695149.plus.aac.p.m4a,https://open.spotify.com/track/2sBR4bPZoFmvZzpz1O8NlJ,https://open.spotify.com/track/2sBR4bPZoFmvZzpz1O8NlJ
Naquela Mesa,Otto,6Yb5yoDIsBpENghSxpGRos,2009-09-01,day,Certa Manha Acordei De Sonhos Intranquilos,0.094,https://i.scdn.co/image/ab67616d0000b273068c6bfc789f3bdf210c786c,https://audio-ssl.itunes.apple.com/itunes-assets/AudioPreview221/v4/35/f1/16/35f11634-9800-121f-a425-817cf6f1cbde/mzaf_16412091108953586830.plus.aac.p.m4a,https://open.spotify.com/track/6Yb5yoDIsBpENghSxpGRos,https://open.spotify.com/track/6Yb5yoDIsBpENghSxpGRos
Heut wird's a bisserl laut,voXXclub,528sIVY3I21H9VWRfn7wxi,2014-01-01,day,Ziwui,0.1715,https://i.scdn.co/image/ab67616d0000b273c45a7f3337725a4dc1d09c9a,https://audio-ssl.itunes.apple.com/itunes-assets/AudioPreview125/v4/8f/32/f9/8f32f9b9-63d6-abec-4733-98aff1584072/mzaf_15478439404990829057.plus.aac.p.m4a,https://open.spotify.com/track/528sIVY3I21H9VWRfn7wxi,https://open.spotify.com/track/528sIVY3I21H9VWRfn7wxi
Hold Tight - Full Length Album Mix,Change,7y2CV64q5hRfnCMbGIG33m,1981,year,Miracles (Original Album),0.0019,https://i.scdn.co/image/ab67616d0000b2732c774e94228f684940908ef8,https://audio-ssl.itunes.apple.com/itunes-assets/AudioPreview125/v4/f9/40/47/f94047b3-dd43-6b0b-bc09-a4a3f2ad970d/mzaf_1753069523522069073.plus.aac.p.m4a,https://open.spotify.com/track/7y2CV64q5hRfnCMbGIG33m,https://open.spotify.com/track/7y2CV64q5hRfnCMbGIG33m
Cohab City / Música Incidental: ABC / Vem Pra Cá,Negritude Junior,7hEJQsARNIqoEvNTUs9gZ1,1995-01-01,day,Gente Da Gente,0.0123,https://i.scdn.co/image/ab67616d0000b273492b20b9926578d0e41c01a8,https://audio-ssl.itunes.apple.com/itunes-assets/AudioPreview125/v4/14/d4/fe/14d4fe8c-2a9f-5740-4f49-70eb2806dbe6/mzaf_1797844511167939870.plus.aac.p.m4a,https://open.spotify.com/track/7hEJQsARNIqoEvNTUs9gZ1,https://open.spotify.com/track/7hEJQsARNIqoEvNTUs9gZ1
Nothing More To Say (with 6LACK & Donae’o),Calvin Harris;6LACK;Donae'o,4hvWEdTLJxrZsDDjUEcHvy,2022-08-05,day,Funk Wav Bounces Vol. 2,0.5642,https://i.scdn.co/image/ab67616d0000b273382e676a019d248dd2cf855e,https://audio-ssl.itunes.apple.com/itunes-assets/AudioPreview221/v4/b4/05/3d/b4053d78-cc0d-0204-2c04-27fba24e9607/mzaf_1343175961282858608.plus.aac.p.m4a,https://open.spotify.com/track/4hvWEdTLJxrZsDDjUEcHvy,https://open.spotify.com/track/4hvWEdTLJxrZsDDjUEcHvy
Backstage,Costa Gold;Haikaiss,0KiFKY2Y1mXI8DPVClzgdy,2015-11-28,day,.155,0.2233,https://i.scdn.co/image/ab67616d0000b273056b4f05a00a5a2f3194cfde,https://audio-ssl.itunes.apple.com/itunes-assets/AudioPreview221/v4/4a/b5/e9/4ab5e92e-5de3-505e-2669-cb19ef35c360/mzaf_14708238735429475803.plus.aac.p.m4a,https://open.spotify.com/track/0KiFKY2Y1mXI8DPVClzgdy,https://open.spotify.com/track/0KiFKY2Y1mXI8DPVClzgdy
Страсть к курению,Buerak,5wccKStRk5cnueMoQ0OF4m,2016-09-05,day,Танцы по расчёту,0.2485,https://i.scdn.co/image/ab67616d0000b2735cc8257fc05551d68d54c1b7,https://audio-ssl.itunes.apple.com/itunes-assets/AudioPreview211/v4/eb/3d/c2/eb3dc2db-34ae-52fe-63dd-f993a1c1fc73/mzaf_10357211890792872082.plus.aac.p.m4a,https://open.spotify.com/track/5wccKStRk5cnueMoQ0OF4m,https://open.spotify.com/track/5wccKStRk5cnueMoQ0OF4m
Ben 10 - Theme Song,Kids Superstars,39uzaxVWaDkAxgnbiJlyIB,2004-01-01,day,"Cartoon Heroes, Vol. 5",0.0429,https://i.scdn.co/image/ab67616d0000b273c22529c8ef689c862d68fe20,https://audio-ssl.itunes.apple.com/itunes-assets/AudioPreview125/v4/d1/fa/ce/d1face3f-3377-ec20-0e2a-5359a481c78b/mzaf_6392965814308572755.plus.aac.p.m4a,https://open.spotify.com/track/39uzaxVWaDkAxgnbiJlyIB,https://open.spotify.com/track/39uzaxVWaDkAxgnbiJlyIB
Vandha Kadha,Yuvan Shankar Raja;Gana Bala,2eilJpx0bKCA0AEVrWYJOV,2014-12-10,day,Vai Raja Vai (Original Motion Picture Soundtrack),0.1953,https://i.scdn.co/image/ab67616d0000b273f0dd2c83ed77d9ff07fb3b82,https://audio-ssl.itunes.apple.com/itunes-assets/AudioPreview211/v4/a2/29/f2/a229f2a8-7aea-5600-eb2b-aba37def7cca/mzaf_8267021166025259731.plus.aac.p.m4a,https://open.spotify.com/track/2eilJpx0bKCA0AEVrWYJOV,https://open.spotify.com/track/2eilJpx0bKCA0AEVrWYJOV
Resim - İlker Tandoğan Remix,Ajda Pekkan,3vKjGeZez4Ge6VPyHc3bSK,2011-12-30,day,Farkın Bu Remixes,0.1298,https://i.scdn.co/image/ab67616d0000b27391450a91e9cddef0c84242e7,https://audio-ssl.itunes.apple.com/itunes-assets/AudioPreview211/v4/ce/a1/be/cea1bebb-3e93-550b-10b2-bf150fdba59e/mzaf_15064696707891667152.plus.aac.p.m4a,https://open.spotify.com/track/3vKjGeZez4Ge6VPyHc3bSK,https://open.spotify.com/track/3vKjGeZez4Ge6VPyHc3bSK
Riptide,The Chainsmokers,7dTd00X8Mc5iErfQQyBA6B,2022-06-08,day,So Far So Good,0.5519,https://i.scdn.co/image/ab67616d0000b273e741cd9dc139d57cc2906186,https://audio-ssl.itunes.apple.com/itunes-assets/AudioPreview211/v4/b8/ed/3f/b8ed3f34-65db-a571-cac7-c1da8cd5706b/mzaf_16278896939058304835.plus.aac.p.m4a,https://open.spotify.com/track/7dTd00X8Mc5iErfQQyBA6B,https://open.spotify.com/track/7dTd00X8Mc5iErfQQyBA6B
Berserk Skeleton Meme Song - Remix,shirobeats;Trap Music Now;JOEHDAH,58oD1RfDfJFe8fyS0A647d,2025-01-10,day,Berserk (Remixes),0.7906,https://i.scdn.co/image/ab67616d0000b273ca0004d82d9c84c206332f6f,https://audio-ssl.itunes.apple.com/itunes-assets/AudioPreview221/v4/89/05/22/8905227d-c6f2-7b97-e5ff-ec8ca7af73a2/mzaf_5334109168102505098.plus.aac.p.m4a,https://open.spotify.com/track/58oD1RfDfJFe8fyS0A647d,https://open.spotify.com/track/58oD1RfDfJFe8fyS0A647d
Mizin,Ebo Taylor,3Wgg2Se9D2QL9I3oR8GUy8,2010-10-25,day,Love & Death,0.1102,https://i.scdn.co/image/ab67616d0000b273644a2026e6721e7ff3efcb27,https://audio-ssl.itunes.apple.com/itunes-assets/AudioPreview211/v4/96/46/d4/9646d479-6c30-3537-e233-fd4f830e296b/mzaf_16412182440633375253.plus.aac.p.m4a,https://open.spotify.com/track/3Wgg2Se9D2QL9I3oR8GUy8,https://open.spotify.com/track/3Wgg2Se9D2QL9I3oR8GUy8
Love and Death,Ebo Taylor;Uhuru-Yenzu,3BOdGLbcBTSy1Hy376Zvzd,1977,year,Life Stories,0.0011,https://i.scdn.co/image/ab67616d0000b273eda573802b07bfd9e4c1ac9d,https://audio-ssl.itunes.apple.com/itunes-assets/AudioPreview126/v4/78/38/cf/7838cff4-e0bd-f528-f82d-9d23a4b36533/mzaf_1309426821198459115.plus.aac.p.m4a,https://open.spotify.com/track/3BOdGLbcBTSy1Hy376Zvzd,https://open.spotify.com/track/3BOdGLbcBTSy1Hy376Zvzd
Filter Lover Pt. 2: Don't You (feat. Kaleem Taylor),Synapson;Kaleem Taylor,1r6cqbmfVlAZYrrJMhBk7K,2018-06-22,day,Super 8,0.3187,https://i.scdn.co/image/ab67616d0000b273ff3d5803b5c898164140d7be,https://audio-ssl.itunes.apple.com/itunes-assets/AudioPreview211/v4/e2/71/36/e271362d-b0bc-f7fa-a1ce-c34f43cde709/mzaf_12247439677604193479.plus.aac.p.m4a,https://open.spotify.com/track/1r6cqbmfVlAZYrrJMhBk7K,https://open.spotify.com/track/1r6cqbmfVlAZYrrJMhBk7K
The Shit Baby,Omar S;D Taylor,77u4D7eaO0T6zVby7kybyP,2017-08-02,day,Thank You for Letting Me Be Myself,0.2818,https://i.scdn.co/image/ab67616d0000b273739c61f363b824d163562182,https://audio-ssl.itunes.apple.com/itunes-assets/AudioPreview125/v4/4a/72/42/4a724225-7018-c648-2a6d-ea2140a3bb19/mzaf_2535464755516800497.plus.aac.p.m4a,https://open.spotify.com/track/77u4D7eaO0T6zVby7kybyP,https://open.spotify.com/track/77u4D7eaO0T6zVby7kybyP
New World,Krewella;Yellow Claw;Taylor Bennett,2gBQ35qqBE75t00kV221Xy,2017-09-18,day,New World,0.2869,https://i.scdn.co/image/ab67616d0000b2733b8b08310300d5e0650aac76,https://audio-ssl.itunes.apple.com/itunes-assets/AudioPreview125/v4/bf/2a/18/bf2a1882-e266-8c9b-9b6a-507040aafb78/mzaf_5217549674193131837.plus.aac.p.m4a,https://open.spotify.com/track/2gBQ35qqBE75t00kV221Xy,https://open.spotify.com/track/2gBQ35qqBE75t00kV221Xy
Eye Nyam Nam 'A' Mensuro - Henrik Schwarz Blend,Ebo Taylor;Pat Thomas;Henrik Schwarz,3mNtJ94LS5gTrclSCE9w9r,2015-07-24,day,Ene Nyame (Henrik Schwarz Blend),0.2128,https://i.scdn.co/image/ab67616d0000b273f7468f46ac02958b95312b08,https://audio-ssl.itunes.apple.com/itunes-assets/AudioPreview115/v4/17/7f/12/177f12a2-dfe2-5c15-2328-e78d93a97931/mzaf_14911491912437061748.plus.aac.p.m4a,https://open.spotify.com/track/3mNtJ94LS5gTrclSCE9w9r,https://open.spotify.com/track/3mNtJ94LS5gTrclSCE9w9r
Red - Original Demo Recording,Taylor Swift,2OghnlGqZZsFzHjG0CSE9l,2012-10-22,day,Red (Deluxe Edition),0.1453,https://i.scdn.co/image/ab67616d0000b273254c8a09649551438b20f4c0,https://audio-ssl.itunes.apple.com/itunes-assets/AudioPreview211/v4/a4/b4/5c/a4b45c8a-1b4a-df1d-5bce-089f22e9eddc/mzaf_7828728927564523021.plus.aac.p.m4a,https://open.spotify.com/track/2OghnlGqZZsFzHjG0CSE9l,https://open.spotify.com/track/2OghnlGqZZsFzHjG0CSE9l
Numb,Linkin Park,2nLtzopw4rPReszdYBJU6h,2003-03-25,day,Meteora,0.0385,https://i.scdn.co/image/ab67616d0000b2735f1f51d14e8bea89484ecd1b,https://audio-ssl.itunes.apple.com/itunes-assets/AudioPreview211/v4/1f/9d/28/1f9d2810-2ac3-efbd-ef02-623691ff9cd2/mzaf_17560018091772095942.plus.aac.p.m4a,https://open.spotify.com/track/2nLtzopw4rPReszdYBJU6h,https://open.spotify.com/track/2nLtzopw4rPReszdYBJU6h
Nightmare,Avenged Sevenfold,4UEo1b0wWrtHMC8bVqPiH8,2010-07-25,day,Nightmare,0.1064,https://i.scdn.co/image/ab67616d0000b273c34064a3c5e4a25892a091f3,https://audio-ssl.itunes.apple.com/itunes-assets/AudioPreview211/v4/3b/cb/1a/3bcb1a6f-454f-3ed1-dcd5-c625e655ef1d/mzaf_3539115713037855755.plus.aac.p.m4a,https://open.spotify.com/track/4UEo1b0wWrtHMC8bVqPiH8,https://open.spotify.com/track/4UEo1b0wWrtHMC8bVqPiH8
POWERLESS,Linkin Park,4zNk347FJz4yDDcjUhJJMI,2012-06-19,day,LIVING THINGS,0.1386,https://i.scdn.co/image/ab67616d0000b273987fb4c5ec8790e9f637a4a4,https://audio-ssl.itunes.apple.com/itunes-assets/AudioPreview211/v4/6b/68/5a/6b685a5b-7c24-0d8c-590f-34bdcc388dae/mzaf_658090179151691863.plus.aac.p.m4a,https://open.spotify.com/track/4zNk347FJz4yDDcjUhJJMI,https://open.spotify.com/track/4zNk347FJz4yDDcjUhJJMI
The Catalyst,Linkin Park,6mQD0vGdFrQMeTADOSIEwx,2010-09-08,day,A Thousand Suns,0.1083,https://i.scdn.co/image/ab67616d0000b273ca5e606335bea5cf5bbdbea3,https://audio-ssl.itunes.apple.com/itunes-assets/AudioPreview221/v4/ce/5b/66/ce5b665e-41ef-f60e-d837-eca0b76f13a9/mzaf_6229671648714296626.plus.aac.p.m4a,https://open.spotify.com/track/6mQD0vGdFrQMeTADOSIEwx,https://open.spotify.com/track/6mQD0vGdFrQMeTADOSIEwx
Old Money,Lana Del Rey,6IfPyMb0Sxptpx6jBUATOS,2014-01-01,day,Ultraviolence (Deluxe),0.1715,https://i.scdn.co/image/ab67616d0000b2731624590458126fc8b8c64c2f,https://audio-ssl.itunes.apple.com/itunes-assets/AudioPreview211/v4/0f/0d/c2/0f0dc258-6341-5b66-583e-d58dc3869013/mzaf_12585509270555451427.plus.aac.p.m4a,https://open.spotify.com/track/6IfPyMb0Sxptpx6jBUATOS,https://open.spotify.com/track/6IfPyMb0Sxptpx6jBUATOS
The Unforgiven II,Metallica,6nswV1Lz3OZkaiCJfmVUOa,1997-01-01,day,Reload,0.0162,https://i.scdn.co/image/ab67616d0000b27306cb74d39d123ebe1b3c6631,https://audio-ssl.itunes.apple.com/itunes-assets/AudioPreview221/v4/7f/71/62/7f71620d-cc3c-ae6c-a97a-25f2b6f9eb20/mzaf_11970554923042075771.plus.aac.p.m4a,https://open.spotify.com/track/6nswV1Lz3OZkaiCJfmVUOa,https://open.spotify.com/track/6nswV1Lz3OZkaiCJfmVUOa
Filament - LIVE,Official HIGE DANdism,0zi6JoI0lSxdb9yboxWSZU,2022-10-05,day,One-Man Tour 2021-2022 -Editorial-@Saitama Super Arena (LIVE),0.5774,https://i.scdn.co/image/ab67616d0000b273ba862b9dbee09340581d0c8a,https://audio-ssl.itunes.apple.com/itunes-assets/AudioPreview211/v4/ab/fb/6e/abfb6e1e-1dc7-ed06-d664-93c63d463772/mzaf_12342670054045658074.plus.aac.p.m4a,https://open.spotify.com/track/0zi6JoI0lSxdb9yboxWSZU,https://open.spotify.com/track/0zi6JoI0lSxdb9yboxWSZU
Black Holes (Solid Ground),The Blue Stones,0qPLNGJhvrhuuayoKhTR3B,2018-10-26,day,Black Holes,0.3343,https://i.scdn.co/image/ab67616d0000b2736f2e408c2bfdfc50374b8589,https://audio-ssl.itunes.apple.com/itunes-assets/AudioPreview221/v4/58/87/aa/5887aa34-b846-d555-2889-0322d0a06319/mzaf_6482322126004280985.plus.aac.p.m4a,https://open.spotify.com/track/0qPLNGJhvrhuuayoKhTR3B,https://open.spotify.com/track/0qPLNGJhvrhuuayoKhTR3B
Não Temas - Ao Vivo,Nani Azevedo,5AL0MagBIiiICayHyyF9Cm,2012-07-12,day,Bendito Serei (Ao Vivo),0.1398,https://i.scdn.co/image/ab67616d0000b273be8ede07271be05645b1e080,https://audio-ssl.itunes.apple.com/itunes-assets/AudioPreview115/v4/30/b9/2e/30b92e68-2d4b-7aca-78ad-0902843b7728/mzaf_5593960472344066231.plus.aac.p.m4a,https://open.spotify.com/track/5AL0MagBIiiICayHyyF9Cm,https://open.spotify.com/track/5AL0MagBIiiICayHyyF9Cm
Cuidas de Mim,Olívia Ferreira,5XxpXiU1ewlSNKcoXg3abu,2011-02-21,day,Tudo Passa Pela Cruz,0.1153,https://i.scdn.co/image/ab67616d0000b273416f98c3eed22cfdb1819ca9,https://audio-ssl.itunes.apple.com/itunes-assets/AudioPreview115/v4/a6/79/58/a67958a0-feab-7fd2-c10a-31f1411437c1/mzaf_13303064244038057559.plus.aac.p.m4a,https://open.spotify.com/track/5XxpXiU1ewlSNKcoXg3abu,https://open.spotify.com/track/5XxpXiU1ewlSNKcoXg3abu
Et Helt Nyt Liv,Søren Launbjerg;Louise Norby,29pI32Rxb1uwtQOMLWtQvf,2018-04-13,day,Aladdin (Originalt Dansk Soundtrack),0.3103,https://i.scdn.co/image/ab67616d0000b2730832c9ed0bf18ff0864eaefa,https://audio-ssl.itunes.apple.com/itunes-assets/AudioPreview211/v4/2b/cb/40/2bcb40ac-a450-45b1-1afa-4e3dcdfcc76e/mzaf_5602693391228592487.plus.aac.p.m4a,https://open.spotify.com/track/29pI32Rxb1uwtQOMLWtQvf,https://open.spotify.com/track/29pI32Rxb1uwtQOMLWtQvf
你不是第一個離開的人,G.E.M.,4VY1gqGrmHm1slHOHKOdU5,2022-09-23,day,啓示錄,0.5748,https://i.scdn.co/image/ab67616d0000b27315d9f5476654a45b1437bd41,https://audio-ssl.itunes.apple.com/itunes-assets/AudioPreview211/v4/3e/84/90/3e8490c4-fc9b-dce7-e039-81a365d32e17/mzaf_2049388503345863502.plus.aac.p.m4a,https://open.spotify.com/track/4VY1gqGrmHm1slHOHKOdU5,https://open.spotify.com/track/4VY1gqGrmHm1slHOHKOdU5
Could I Love You Any More (feat. Jason Mraz),Reneé Dominique;Jason Mraz,6TbDpqKCksZNJjriFhPum8,2019-05-31,day,Could I Love You Any More (feat. Jason Mraz),0.363,https://i.scdn.co/image/ab67616d0000b2738d6808a9ad147da7c9ea5f2d,https://audio-ssl.itunes.apple.com/itunes-assets/AudioPreview125/v4/5a/49/a0/5a49a09c-a6a3-8fd5-979a-ad46e1abf611/mzaf_13835412260798975027.plus.aac.p.m4a,https://open.spotify.com/track/6TbDpqKCksZNJjriFhPum8,https://open.spotify.com/track/6TbDpqKCksZNJjriFhPum8
Sad Girl,Lana Del Rey,11MyiSGZSYSmhhqwGUTtAq,2014-01-01,day,Ultraviolence (Deluxe),0.1715,https://i.scdn.co/image/ab67616d0000b2731624590458126fc8b8c64c2f,https://audio-ssl.itunes.apple.com/itunes-assets/AudioPreview221/v4/5b/4b/40/5b4b409c-e721-8e32-b037-20da88d645ad/mzaf_18181256054657689699.plus.aac.p.m4a,https://open.spotify.com/track/11MyiSGZSYSmhhqwGUTtAq,https://open.spotify.com/track/11MyiSGZSYSmhhqwGUTtAq
Mine,Taylor Swift,7G0gBu6nLdhFDPRLc0HdDG,2023-07-07,day,Speak Now (Taylor's Version),0.6409,https://i.scdn.co/image/ab67616d0000b2730b04da4f224b51ff86e0a481,https://audio-ssl.itunes.apple.com/itunes-assets/AudioPreview211/v4/e3/f4/eb/e3f4ebaf-1eb9-7c78-9091-6dcb2780e764/mzaf_17143006541407607590.plus.aac.p.m4a,https://open.spotify.com/track/7G0gBu6nLdhFDPRLc0HdDG,https://open.spotify.com/track/7G0gBu6nLdhFDPRLc0HdDG
Pontes Indestrutíveis - Ao Vivo - Chegou Quem Faltava,Charlie Brown Jr.,2Bwls5Lc6gwgJSAH671EZi,2021-07-13,day,Chegou Quem Faltava - Versão Completa (Ao Vivo),0.4869,https://i.scdn.co/image/ab67616d0000b273ef7eedbd7c11266b18efc5b0,https://audio-ssl.itunes.apple.com/itunes-assets/AudioPreview221/v4/de/08/f5/de08f5ad-1c0b-525c-245f-60e21ead4e0c/mzaf_13899474830269614556.plus.aac.p.m4a,https://open.spotify.com/track/2Bwls5Lc6gwgJSAH671EZi,https://open.spotify.com/track/2Bwls5Lc6gwgJSAH671EZi
Be Myself,Sheryl Crow,,2020-01-01,year,Be Myself,0.422,https://is1-ssl.mzstatic.com/image/thumb/Music111/v4/db/1a/6c/db1a6c84-1a65-908d-27b8-1b60d1a3dae8/093624913368.jpg/600x600bb.jpg,https://audio-ssl.itunes.apple.com/itunes-assets/AudioPreview115/v4/76/28/d1/7628d1e2-265d-b9e8-bdf0-7a5ffb981ba5/mzaf_3150666934280118573.plus.aac.p.m4a,https://open.spotify.com/search/Be%20Myself%20Sheryl%20Crow,https://open.spotify.com/search/Be%20Myself%20Sheryl%20Crow
Compass,The Neighbourhood,,2020-01-01,year,Hard To Imagine The Neighbourhood Ever Changing,0.422,https://is1-ssl.mzstatic.com/image/thumb/Music125/v4/fc/d0/89/fcd0899c-2236-a726-9ce2-ebb110e2204d/886447414545.jpg/600x600bb.jpg,https://audio-ssl.itunes.apple.com/itunes-assets/AudioPreview211/v4/86/dd/80/86dd80e6-7554-9b6c-c6a6-4ece8c6fae86/mzaf_791312460646937221.plus.aac.p.m4a,https://open.spotify.com/search/Compass%20The%20Neighbourhood,https://open.spotify.com/search/Compass%20The%20Neighbourhood
Reggae do Manero - Ao Vivo | Acústico,Raimundos,,2020-01-01,year,Roda Viva (Ao Vivo),0.422,https://is1-ssl.mzstatic.com/image/thumb/Music/v4/3f/a4/f8/3fa4f883-d23e-1845-984e-9d1ae2b268eb/0.jpg/600x600bb.jpg,https://audio-ssl.itunes.apple.com/itunes-assets/AudioPreview125/v4/00/5f/6d/005f6df5-5af3-09ad-0d15-1377bf9c06f3/mzaf_3741505986024900367.plus.aac.p.m4a,https://open.spotify.com/search/Reggae%20do%20Manero%20-%20Ao%20Vivo%20%7C%20Ac%C3%BAstico%20Raimundos,https://open.spotify.com/search/Reggae%20do%20Manero%20-%20Ao%20Vivo%20%7C%20Ac%C3%BAstico%20Raimundos
"Chal Ghar Chalen (From ""Malang - Unleash The Madness"") [Mithoon feat. Arijit Singh]",Mithoon;Arijit Singh,,2020-01-01,year,Malang - Unleash the Madness (Original Motion Picture Soundtrack),0.422,https://is1-ssl.mzstatic.com/image/thumb/Music125/v4/5b/7a/54/5b7a54cb-e127-f771-470e-f186486a5ae4/8902894361095_cover.jpg/600x600bb.jpg,https://audio-ssl.itunes.apple.com/itunes-assets/AudioPreview211/v4/55/03/06/550306da-b30b-5ba0-78ca-93e4df0aa0af/mzaf_681164445319275181.plus.aac.p.m4a,https://open.spotify.com/search/Chal%20Ghar%20Chalen%20%28From%20%22Malang%20-%20Unleash%20The%20Madness%22%29%20%5BMithoon%20feat.%20Arijit%20Singh%5D%20Mithoon%3BArijit%20Singh,https://open.spotify.com/search/Chal%20Ghar%20Chalen%20%28From%20%22Malang%20-%20Unleash%20The%20Madness%22%29%20%5BMithoon%20feat.%20Arijit%20Singh%5D%20Mithoon%3BArijit%20Singh
Bars No Jutsu,Louis Capone,,2020-01-01,year,Deku Vs Naruto (feat. None Like Joshua) - Single,0.422,https://is1-ssl.mzstatic.com/image/thumb/Music113/v4/57/e5/04/57e504e9-64d9-d3b9-bfcb-d70c999478de/artwork.jpg/600x600bb.jpg,https://audio-ssl.itunes.apple.com/itunes-assets/AudioPreview115/v4/39/2e/37/392e37c6-8801-6a2f-540a-189bc078d31b/mzaf_4372648063827034598.plus.aac.p.m4a,https://open.spotify.com/search/Bars%20No%20Jutsu%20Louis%20Capone,https://open.spotify.com/search/Bars%20No%20Jutsu%20Louis%20Capone
"Planet Earth - Live at Oakland Coliseum, Oakland, CA, 14/04/1984; 2004 Remaster",Duran Duran,,2020-01-01,year,Duran Duran (Deluxe Edition),0.422,https://is1-ssl.mzstatic.com/image/thumb/Music211/v4/9f/e3/8f/9fe38f86-2396-c84d-588c-a41b9ccabe6c/5099960960054.jpg/600x600bb.jpg,https://audio-ssl.itunes.apple.com/itunes-assets/AudioPreview211/v4/1a/07/62/1a0762f8-f6d9-2448-d1f4-2f982898b633/mzaf_16974820513651448090.plus.aac.p.m4a,https://open.spotify.com/search/Planet%20Earth%20-%20Live%20at%20Oakland%20Coliseum%2C%20Oakland%2C%20CA%2C%2014/04/1984%3B%202004%20Remaster%20Duran%20Duran,https://open.spotify.com/search/Planet%20Earth%20-%20Live%20at%20Oakland%20Coliseum%2C%20Oakland%2C%20CA%2C%2014/04/1984%3B%202004%20Remaster%20Duran%20Duran
Eight Days A Week - Remastered 2009,The Beatles,,2020-01-01,year,Beatles For Sale,0.422,https://is1-ssl.mzstatic.com/image/thumb/Music124/v4/79/2c/10/792c1019-387f-e819-ac8f-bc989f20a970/00602567725190.rgb.jpg/600x600bb.jpg,https://audio-ssl.itunes.apple.com/itunes-assets/AudioPreview221/v4/76/62/fa/7662fa75-0451-dba5-2907-8410b90f2e5b/mzaf_18104468157067362692.plus.aac.p.m4a,https://open.spotify.com/search/Eight%20Days%20A%20Week%20-%20Remastered%202009%20The%20Beatles,https://open.spotify.com/search/Eight%20Days%20A%20Week%20-%20Remastered%202009%20The%20Beatles
Spiralia,Killstation,,2020-01-01,year,"again, before",0.422,https://is1-ssl.mzstatic.com/image/thumb/Music221/v4/54/65/8d/54658df2-e9af-a553-82a8-421d6bb87a92/artwork.jpg/600x600bb.jpg,https://audio-ssl.itunes.apple.com/itunes-assets/AudioPreview211/v4/22/7f/18/227f184f-c480-ef26-08da-f37fb8e2275d/mzaf_113242700297121818.plus.aac.p.m4a,https://open.spotify.com/search/Spiralia%20Killstation,https://open.spotify.com/search/Spiralia%20Killstation
Weed & Wine,Friction;A Little Sound,,2020-01-01,year,EDC Las Vegas 2023,0.422,https://is1-ssl.mzstatic.com/image/thumb/Music126/v4/b9/d5/ef/b9d5ef4f-4a01-f3bf-6598-871d70d20575/8720923973923.png/600x600bb.jpg,https://audio-ssl.itunes.apple.com/itunes-assets/AudioPreview221/v4/9a/96/b3/9a96b3c6-c3aa-62b3-c322-d7ffe5d0a7f2/mzaf_2721106074224078364.plus.aac.p.m4a,https://open.spotify.com/search/Weed%20%26%20Wine%20Friction%3BA%20Little%20Sound,https://open.spotify.com/search/Weed%20%26%20Wine%20Friction%3BA%20Little%20Sound
Tudo Entregarei - Ao Vivo,Fernandinho,,2020-01-01,year,Sou Feliz (ao Vivo),0.422,https://is1-ssl.mzstatic.com/image/thumb/Music123/v4/b2/71/bc/b271bc35-5d4a-c667-9dfa-a7c2838e431a/193483938264.jpg/600x600bb.jpg,https://audio-ssl.itunes.apple.com/itunes-assets/AudioPreview115/v4/3b/ef/83/3bef83de-6b8b-f1d1-9ffa-18b902540e6e/mzaf_14797529995047241028.plus.aac.p.m4a,https://open.spotify.com/search/Tudo%20Entregarei%20-%20Ao%20Vivo%20Fernandinho,https://open.spotify.com/search/Tudo%20Entregarei%20-%20Ao%20Vivo%20Fernandinho
Face Me,The Plot In You,,2020-01-01,year,Swan Song,0.422,https://is1-ssl.mzstatic.com/image/thumb/Music125/v4/45/a1/9d/45a19d4d-a208-7d0e-5f2d-ad21d6550ca7/21CRGIM27508.rgb.jpg/600x600bb.jpg,https://audio-ssl.itunes.apple.com/itunes-assets/AudioPreview211/v4/37/62/0e/37620e05-d562-1a31-ca71-ffebeb21d81b/mzaf_4759634633769070028.plus.aac.p.m4a,https://open.spotify.com/search/Face%20Me%20The%20Plot%20In%20You,https://open.spotify.com/search/Face%20Me%20The%20Plot%20In%20You
O Menino da Porteira,Sérgio Reis,,2020-01-01,year,O Menino da Porteira,0.422,https://is1-ssl.mzstatic.com/image/thumb/Music123/v4/2d/9b/9e/2d9b9e5b-558e-6ee0-bdb0-824c4172646e/886446910031.jpg/600x600bb.jpg,https://audio-ssl.itunes.apple.com/itunes-assets/AudioPreview123/v4/2a/1c/6e/2a1c6e7b-b4ac-dcd6-e526-87012040d7bc/mzaf_16775832680349763174.plus.aac.p.m4a,https://open.spotify.com/search/O%20Menino%20da%20Porteira%20S%C3%A9rgio%20Reis,https://open.spotify.com/search/O%20Menino%20da%20Porteira%20S%C3%A9rgio%20Reis
Stardust,Nat King Cole,,2020-01-01,year,Love Is the Thing (And More),0.4219,https://is1-ssl.mzstatic.com/image/thumb/Music116/v4/c5/56/1d/c5561d01-ba86-83be-7b64-bf8347fe802a/13UACIM75484.rgb.jpg/600x600bb.jpg,https://audio-ssl.itunes.apple.com/itunes-assets/AudioPreview221/v4/82/87/81/82878107-fa6b-8242-f76c-3d93714989b2/mzaf_2338163225167234965.plus.aac.p.m4a,https://open.spotify.com/search/Stardust%20Nat%20King%20Cole,https://open.spotify.com/search/Stardust%20Nat%20King%20Cole
